defect_id,product_line,production_date,defect_type,defect_count,total_produced,defect_rate,severity,root_cause,created_date
1,Hydraulic Actuators,2024-01-01,Porosity,27,714,0.0378,Minor,Material variance,2024-01-01 00:00:00
2,Engine Mounts,2024-01-01,Thread Damage,25,843,0.0297,Minor,Process deviation,2024-01-01 00:00:00
3,Turbine Blades,2024-01-03,Weld Defect,22,702,0.0313,Minor,Tool wear,2024-01-03 00:00:00
4,Precision Bearings,2024-01-03,Thread Damage,5,909,0.0055,Major,Tool wear,2024-01-03 00:00:00
5,Composite Panels,2024-01-04,Porosity,7,145,0.0483,Minor,Material variance,2024-01-04 00:00:00
6,Hydraulic Actuators,2024-01-04,Porosity,9,599,0.015,Minor,Material variance,2024-01-04 00:00:00
7,Composite Panels,2024-01-05,Stress Crack,3,462,0.0065,Minor,Machine calibration,2024-01-05 00:00:00
8,Composite Panels,2024-01-05,Surface Scratch,4,286,0.014,Minor,Process deviation,2024-01-05 00:00:00
9,Composite Panels,2024-01-06,Weld Defect,17,492,0.0346,Minor,Operator error,2024-01-06 00:00:00
10,Composite Panels,2024-01-06,Stress Crack,2,126,0.0159,Minor,Operator error,2024-01-06 00:00:00
11,Landing Gear,2024-01-07,Material Contamination,0,554,0.0,Minor,Operator error,2024-01-07 00:00:00
12,Hydraulic Actuators,2024-01-09,Thread Damage,5,263,0.019,Critical,Machine calibration,2024-01-09 00:00:00
13,Composite Panels,2024-01-09,Porosity,17,381,0.0446,Critical,Tool wear,2024-01-09 00:00:00
14,Control Valves,2024-01-09,Coating Failure,17,372,0.0457,Minor,Machine calibration,2024-01-09 00:00:00
15,Turbine Blades,2024-01-10,Missing Component,4,546,0.0073,Major,Process deviation,2024-01-10 00:00:00
16,Engine Mounts,2024-01-11,Coating Failure,4,716,0.0056,Critical,Environmental factors,2024-01-11 00:00:00
17,Landing Gear,2024-01-14,Thread Damage,3,319,0.0094,Minor,Material variance,2024-01-14 00:00:00
18,Sensor Assemblies,2024-01-14,Material Contamination,38,777,0.0489,Critical,Machine calibration,2024-01-14 00:00:00
19,Landing Gear,2024-01-15,Stress Crack,6,338,0.0178,Minor,Process deviation,2024-01-15 00:00:00
20,Turbine Blades,2024-01-15,Weld Defect,5,449,0.0111,Critical,Operator error,2024-01-15 00:00:00
21,Sensor Assemblies,2024-01-15,Dimensional Out-of-Spec,32,669,0.0478,Major,Operator error,2024-01-15 00:00:00
22,Sensor Assemblies,2024-01-17,Stress Crack,9,385,0.0234,Critical,Operator error,2024-01-17 00:00:00
23,Sensor Assemblies,2024-01-20,Weld Defect,2,765,0.0026,Minor,Operator error,2024-01-20 00:00:00
24,Precision Bearings,2024-01-20,Thread Damage,6,128,0.0469,Major,Process deviation,2024-01-20 00:00:00
25,Landing Gear,2024-01-20,Stress Crack,24,581,0.0413,Minor,Tool wear,2024-01-20 00:00:00
26,Precision Bearings,2024-01-21,Thread Damage,34,708,0.048,Minor,Machine calibration,2024-01-21 00:00:00
27,Engine Mounts,2024-01-24,Material Contamination,35,953,0.0367,Critical,Operator error,2024-01-24 00:00:00
28,Landing Gear,2024-01-24,Coating Failure,8,553,0.0145,Minor,Tool wear,2024-01-24 00:00:00
29,Control Valves,2024-01-24,Thread Damage,20,959,0.0209,Critical,Process deviation,2024-01-24 00:00:00
30,Precision Bearings,2024-01-25,Thread Damage,27,659,0.041,Minor,Environmental factors,2024-01-25 00:00:00
31,Control Valves,2024-01-25,Coating Failure,37,815,0.0454,Minor,Environmental factors,2024-01-25 00:00:00
32,Engine Mounts,2024-01-25,Coating Failure,16,419,0.0382,Minor,Operator error,2024-01-25 00:00:00
33,Sensor Assemblies,2024-01-27,Incorrect Assembly,16,702,0.0228,Minor,Tool wear,2024-01-27 00:00:00
34,Landing Gear,2024-01-27,Material Contamination,9,227,0.0396,Minor,Environmental factors,2024-01-27 00:00:00
35,Turbine Blades,2024-01-28,Stress Crack,43,965,0.0446,Major,Material variance,2024-01-28 00:00:00
36,Turbine Blades,2024-01-29,Dimensional Out-of-Spec,3,459,0.0065,Major,Tool wear,2024-01-29 00:00:00
37,Composite Panels,2024-01-29,Weld Defect,3,799,0.0038,Minor,Environmental factors,2024-01-29 00:00:00
38,Composite Panels,2024-01-29,Incorrect Assembly,13,312,0.0417,Critical,Process deviation,2024-01-29 00:00:00
39,Landing Gear,2024-01-30,Incorrect Assembly,16,627,0.0255,Major,Environmental factors,2024-01-30 00:00:00
40,Engine Mounts,2024-02-01,Surface Scratch,0,107,0.0,Minor,Machine calibration,2024-02-01 00:00:00
41,Precision Bearings,2024-02-01,Missing Component,8,926,0.0086,Minor,Environmental factors,2024-02-01 00:00:00
42,Precision Bearings,2024-02-01,Missing Component,0,283,0.0,Major,Process deviation,2024-02-01 00:00:00
43,Composite Panels,2024-02-02,Coating Failure,15,541,0.0277,Critical,Operator error,2024-02-02 00:00:00
44,Composite Panels,2024-02-02,Surface Scratch,5,368,0.0136,Major,Operator error,2024-02-02 00:00:00
45,Sensor Assemblies,2024-02-03,Stress Crack,24,601,0.0399,Major,Environmental factors,2024-02-03 00:00:00
46,Turbine Blades,2024-02-03,Missing Component,28,684,0.0409,Major,Material variance,2024-02-03 00:00:00
47,Control Valves,2024-02-03,Thread Damage,32,900,0.0356,Critical,Process deviation,2024-02-03 00:00:00
48,Control Valves,2024-02-04,Missing Component,23,977,0.0235,Major,Process deviation,2024-02-04 00:00:00
49,Hydraulic Actuators,2024-02-05,Incorrect Assembly,26,888,0.0293,Minor,Operator error,2024-02-05 00:00:00
50,Sensor Assemblies,2024-02-08,Weld Defect,22,718,0.0306,Critical,Tool wear,2024-02-08 00:00:00
51,Composite Panels,2024-02-08,Material Contamination,13,264,0.0492,Critical,Material variance,2024-02-08 00:00:00
52,Hydraulic Actuators,2024-02-08,Stress Crack,5,401,0.0125,Major,Process deviation,2024-02-08 00:00:00
53,Precision Bearings,2024-02-09,Incorrect Assembly,4,510,0.0078,Minor,Tool wear,2024-02-09 00:00:00
54,Composite Panels,2024-02-09,Dimensional Out-of-Spec,0,128,0.0,Critical,Operator error,2024-02-09 00:00:00
55,Landing Gear,2024-02-09,Porosity,5,194,0.0258,Major,Environmental factors,2024-02-09 00:00:00
56,Turbine Blades,2024-02-10,Surface Scratch,4,106,0.0377,Critical,Process deviation,2024-02-10 00:00:00
57,Composite Panels,2024-02-10,Stress Crack,22,592,0.0372,Minor,Material variance,2024-02-10 00:00:00
58,Control Valves,2024-02-10,Material Contamination,5,995,0.005,Minor,Environmental factors,2024-02-10 00:00:00
59,Engine Mounts,2024-02-11,Missing Component,0,904,0.0,Major,Material variance,2024-02-11 00:00:00
60,Composite Panels,2024-02-11,Material Contamination,16,911,0.0176,Minor,Process deviation,2024-02-11 00:00:00
61,Landing Gear,2024-02-13,Weld Defect,0,268,0.0,Minor,Operator error,2024-02-13 00:00:00
62,Engine Mounts,2024-02-14,Coating Failure,7,450,0.0156,Major,Machine calibration,2024-02-14 00:00:00
63,Turbine Blades,2024-02-15,Incorrect Assembly,17,572,0.0297,Minor,Material variance,2024-02-15 00:00:00
64,Sensor Assemblies,2024-02-15,Material Contamination,16,371,0.0431,Major,Material variance,2024-02-15 00:00:00
65,Landing Gear,2024-02-15,Weld Defect,35,787,0.0445,Minor,Operator error,2024-02-15 00:00:00
66,Sensor Assemblies,2024-02-16,Surface Scratch,17,916,0.0186,Critical,Machine calibration,2024-02-16 00:00:00
67,Composite Panels,2024-02-16,Incorrect Assembly,9,360,0.025,Major,Machine calibration,2024-02-16 00:00:00
68,Sensor Assemblies,2024-02-17,Weld Defect,9,857,0.0105,Critical,Tool wear,2024-02-17 00:00:00
69,Hydraulic Actuators,2024-02-17,Stress Crack,2,298,0.0067,Major,Environmental factors,2024-02-17 00:00:00
70,Engine Mounts,2024-02-17,Dimensional Out-of-Spec,39,798,0.0489,Major,Process deviation,2024-02-17 00:00:00
71,Control Valves,2024-02-18,Material Contamination,9,348,0.0259,Major,Material variance,2024-02-18 00:00:00
72,Turbine Blades,2024-02-18,Porosity,13,296,0.0439,Minor,Process deviation,2024-02-18 00:00:00
73,Hydraulic Actuators,2024-02-18,Stress Crack,4,939,0.0043,Major,Machine calibration,2024-02-18 00:00:00
74,Control Valves,2024-02-22,Missing Component,2,946,0.0021,Major,Machine calibration,2024-02-22 00:00:00
75,Control Valves,2024-02-22,Thread Damage,3,133,0.0226,Critical,Operator error,2024-02-22 00:00:00
76,Hydraulic Actuators,2024-02-22,Incorrect Assembly,7,373,0.0188,Critical,Operator error,2024-02-22 00:00:00
77,Engine Mounts,2024-02-27,Missing Component,16,585,0.0274,Minor,Tool wear,2024-02-27 00:00:00
78,Composite Panels,2024-02-27,Missing Component,5,453,0.011,Major,Operator error,2024-02-27 00:00:00
79,Sensor Assemblies,2024-02-27,Coating Failure,8,367,0.0218,Critical,Environmental factors,2024-02-27 00:00:00
80,Sensor Assemblies,2024-02-28,Stress Crack,4,804,0.005,Minor,Environmental factors,2024-02-28 00:00:00
81,Engine Mounts,2024-02-29,Dimensional Out-of-Spec,35,821,0.0426,Critical,Machine calibration,2024-02-29 00:00:00
82,Control Valves,2024-03-01,Material Contamination,7,759,0.0092,Minor,Process deviation,2024-03-01 00:00:00
83,Precision Bearings,2024-03-01,Coating Failure,34,995,0.0342,Minor,Environmental factors,2024-03-01 00:00:00
84,Hydraulic Actuators,2024-03-02,Thread Damage,44,882,0.0499,Critical,Operator error,2024-03-02 00:00:00
85,Sensor Assemblies,2024-03-02,Material Contamination,18,592,0.0304,Major,Tool wear,2024-03-02 00:00:00
86,Precision Bearings,2024-03-02,Material Contamination,28,959,0.0292,Major,Process deviation,2024-03-02 00:00:00
87,Turbine Blades,2024-03-03,Thread Damage,5,929,0.0054,Minor,Machine calibration,2024-03-03 00:00:00
88,Precision Bearings,2024-03-04,Material Contamination,4,279,0.0143,Critical,Environmental factors,2024-03-04 00:00:00
89,Control Valves,2024-03-04,Material Contamination,28,706,0.0397,Minor,Material variance,2024-03-04 00:00:00
90,Control Valves,2024-03-04,Material Contamination,6,681,0.0088,Critical,Machine calibration,2024-03-04 00:00:00
91,Turbine Blades,2024-03-05,Thread Damage,5,501,0.01,Critical,Material variance,2024-03-05 00:00:00
92,Turbine Blades,2024-03-05,Porosity,36,828,0.0435,Critical,Material variance,2024-03-05 00:00:00
93,Hydraulic Actuators,2024-03-05,Dimensional Out-of-Spec,0,224,0.0,Critical,Material variance,2024-03-05 00:00:00
94,Hydraulic Actuators,2024-03-06,Dimensional Out-of-Spec,0,102,0.0,Minor,Environmental factors,2024-03-06 00:00:00
95,Engine Mounts,2024-03-07,Dimensional Out-of-Spec,12,544,0.0221,Critical,Tool wear,2024-03-07 00:00:00
96,Engine Mounts,2024-03-07,Dimensional Out-of-Spec,24,832,0.0288,Critical,Environmental factors,2024-03-07 00:00:00
97,Landing Gear,2024-03-07,Weld Defect,18,937,0.0192,Major,Process deviation,2024-03-07 00:00:00
98,Turbine Blades,2024-03-09,Porosity,15,841,0.0178,Major,Operator error,2024-03-09 00:00:00
99,Control Valves,2024-03-09,Thread Damage,5,756,0.0066,Minor,Tool wear,2024-03-09 00:00:00
100,Precision Bearings,2024-03-10,Porosity,25,531,0.0471,Minor,Material variance,2024-03-10 00:00:00
101,Control Valves,2024-03-10,Coating Failure,9,422,0.0213,Minor,Operator error,2024-03-10 00:00:00
102,Landing Gear,2024-03-10,Weld Defect,0,135,0.0,Minor,Tool wear,2024-03-10 00:00:00
103,Composite Panels,2024-03-11,Incorrect Assembly,0,286,0.0,Major,Operator error,2024-03-11 00:00:00
104,Composite Panels,2024-03-11,Dimensional Out-of-Spec,26,548,0.0474,Major,Tool wear,2024-03-11 00:00:00
105,Turbine Blades,2024-03-11,Coating Failure,13,546,0.0238,Major,Operator error,2024-03-11 00:00:00
106,Sensor Assemblies,2024-03-15,Dimensional Out-of-Spec,2,406,0.0049,Minor,Material variance,2024-03-15 00:00:00
107,Precision Bearings,2024-03-15,Porosity,3,101,0.0297,Major,Tool wear,2024-03-15 00:00:00
108,Composite Panels,2024-03-15,Thread Damage,17,728,0.0234,Major,Tool wear,2024-03-15 00:00:00
109,Control Valves,2024-03-17,Porosity,13,540,0.0241,Critical,Operator error,2024-03-17 00:00:00
110,Hydraulic Actuators,2024-03-17,Thread Damage,17,486,0.035,Minor,Environmental factors,2024-03-17 00:00:00
111,Hydraulic Actuators,2024-03-18,Stress Crack,19,497,0.0382,Critical,Environmental factors,2024-03-18 00:00:00
112,Control Valves,2024-03-18,Porosity,27,652,0.0414,Minor,Environmental factors,2024-03-18 00:00:00
113,Landing Gear,2024-03-18,Stress Crack,16,583,0.0274,Minor,Tool wear,2024-03-18 00:00:00
114,Turbine Blades,2024-03-19,Coating Failure,18,479,0.0376,Critical,Operator error,2024-03-19 00:00:00
115,Engine Mounts,2024-03-19,Thread Damage,4,964,0.0041,Major,Process deviation,2024-03-19 00:00:00
116,Hydraulic Actuators,2024-03-21,Material Contamination,0,122,0.0,Major,Machine calibration,2024-03-21 00:00:00
117,Engine Mounts,2024-03-22,Porosity,40,969,0.0413,Minor,Environmental factors,2024-03-22 00:00:00
118,Hydraulic Actuators,2024-03-22,Missing Component,0,489,0.0,Critical,Environmental factors,2024-03-22 00:00:00
119,Hydraulic Actuators,2024-03-24,Incorrect Assembly,7,174,0.0402,Major,Environmental factors,2024-03-24 00:00:00
120,Sensor Assemblies,2024-03-24,Stress Crack,7,220,0.0318,Major,Operator error,2024-03-24 00:00:00
121,Engine Mounts,2024-03-26,Thread Damage,12,403,0.0298,Critical,Tool wear,2024-03-26 00:00:00
122,Precision Bearings,2024-03-28,Thread Damage,9,194,0.0464,Major,Material variance,2024-03-28 00:00:00
123,Precision Bearings,2024-03-29,Material Contamination,2,281,0.0071,Minor,Process deviation,2024-03-29 00:00:00
124,Sensor Assemblies,2024-03-29,Stress Crack,4,624,0.0064,Critical,Machine calibration,2024-03-29 00:00:00
125,Precision Bearings,2024-03-29,Missing Component,23,838,0.0274,Critical,Tool wear,2024-03-29 00:00:00
126,Precision Bearings,2024-03-30,Surface Scratch,15,481,0.0312,Major,Process deviation,2024-03-30 00:00:00
127,Hydraulic Actuators,2024-03-30,Material Contamination,4,102,0.0392,Critical,Operator error,2024-03-30 00:00:00
128,Turbine Blades,2024-03-31,Surface Scratch,36,827,0.0435,Minor,Tool wear,2024-03-31 00:00:00
129,Landing Gear,2024-03-31,Weld Defect,25,747,0.0335,Minor,Operator error,2024-03-31 00:00:00
130,Composite Panels,2024-03-31,Stress Crack,1,381,0.0026,Critical,Material variance,2024-03-31 00:00:00
131,Precision Bearings,2024-04-01,Material Contamination,30,967,0.031,Minor,Material variance,2024-04-01 00:00:00
132,Precision Bearings,2024-04-02,Dimensional Out-of-Spec,0,105,0.0,Major,Environmental factors,2024-04-02 00:00:00
133,Hydraulic Actuators,2024-04-02,Missing Component,11,264,0.0417,Minor,Process deviation,2024-04-02 00:00:00
134,Landing Gear,2024-04-03,Dimensional Out-of-Spec,6,239,0.0251,Major,Environmental factors,2024-04-03 00:00:00
135,Turbine Blades,2024-04-04,Surface Scratch,2,593,0.0034,Major,Environmental factors,2024-04-04 00:00:00
136,Turbine Blades,2024-04-04,Thread Damage,1,193,0.0052,Major,Tool wear,2024-04-04 00:00:00
137,Engine Mounts,2024-04-05,Dimensional Out-of-Spec,6,926,0.0065,Major,Material variance,2024-04-05 00:00:00
138,Landing Gear,2024-04-06,Incorrect Assembly,2,865,0.0023,Critical,Process deviation,2024-04-06 00:00:00
139,Turbine Blades,2024-04-06,Material Contamination,36,940,0.0383,Critical,Tool wear,2024-04-06 00:00:00
140,Turbine Blades,2024-04-06,Coating Failure,2,573,0.0035,Minor,Operator error,2024-04-06 00:00:00
141,Precision Bearings,2024-04-09,Porosity,5,817,0.0061,Minor,Operator error,2024-04-09 00:00:00
142,Sensor Assemblies,2024-04-09,Weld Defect,18,815,0.0221,Minor,Material variance,2024-04-09 00:00:00
143,Engine Mounts,2024-04-09,Porosity,18,523,0.0344,Minor,Material variance,2024-04-09 00:00:00
144,Sensor Assemblies,2024-04-10,Missing Component,9,234,0.0385,Major,Process deviation,2024-04-10 00:00:00
145,Landing Gear,2024-04-10,Dimensional Out-of-Spec,26,523,0.0497,Minor,Machine calibration,2024-04-10 00:00:00
146,Hydraulic Actuators,2024-04-10,Missing Component,6,585,0.0103,Minor,Tool wear,2024-04-10 00:00:00
147,Landing Gear,2024-04-11,Incorrect Assembly,2,136,0.0147,Critical,Material variance,2024-04-11 00:00:00
148,Composite Panels,2024-04-12,Dimensional Out-of-Spec,5,327,0.0153,Major,Operator error,2024-04-12 00:00:00
149,Control Valves,2024-04-12,Stress Crack,23,902,0.0255,Major,Environmental factors,2024-04-12 00:00:00
150,Sensor Assemblies,2024-04-13,Coating Failure,9,992,0.0091,Minor,Tool wear,2024-04-13 00:00:00
151,Precision Bearings,2024-04-14,Surface Scratch,27,658,0.041,Minor,Process deviation,2024-04-14 00:00:00
152,Engine Mounts,2024-04-14,Porosity,9,298,0.0302,Critical,Machine calibration,2024-04-14 00:00:00
153,Precision Bearings,2024-04-14,Porosity,17,406,0.0419,Critical,Environmental factors,2024-04-14 00:00:00
154,Hydraulic Actuators,2024-04-15,Coating Failure,7,425,0.0165,Minor,Operator error,2024-04-15 00:00:00
155,Composite Panels,2024-04-15,Surface Scratch,8,241,0.0332,Major,Operator error,2024-04-15 00:00:00
156,Engine Mounts,2024-04-17,Coating Failure,1,383,0.0026,Major,Process deviation,2024-04-17 00:00:00
157,Sensor Assemblies,2024-04-17,Incorrect Assembly,2,460,0.0043,Major,Material variance,2024-04-17 00:00:00
158,Control Valves,2024-04-17,Surface Scratch,11,678,0.0162,Minor,Tool wear,2024-04-17 00:00:00
159,Sensor Assemblies,2024-04-18,Stress Crack,0,209,0.0,Minor,Machine calibration,2024-04-18 00:00:00
160,Precision Bearings,2024-04-18,Thread Damage,1,848,0.0012,Critical,Material variance,2024-04-18 00:00:00
161,Composite Panels,2024-04-22,Surface Scratch,9,197,0.0457,Critical,Operator error,2024-04-22 00:00:00
162,Precision Bearings,2024-04-22,Coating Failure,28,821,0.0341,Critical,Machine calibration,2024-04-22 00:00:00
163,Hydraulic Actuators,2024-04-22,Surface Scratch,10,272,0.0368,Major,Machine calibration,2024-04-22 00:00:00
164,Control Valves,2024-04-23,Dimensional Out-of-Spec,8,422,0.019,Minor,Material variance,2024-04-23 00:00:00
165,Turbine Blades,2024-04-23,Material Contamination,2,184,0.0109,Major,Operator error,2024-04-23 00:00:00
166,Turbine Blades,2024-04-24,Coating Failure,1,110,0.0091,Minor,Tool wear,2024-04-24 00:00:00
167,Landing Gear,2024-04-24,Incorrect Assembly,3,427,0.007,Critical,Machine calibration,2024-04-24 00:00:00
168,Sensor Assemblies,2024-04-25,Thread Damage,41,917,0.0447,Major,Process deviation,2024-04-25 00:00:00
169,Turbine Blades,2024-04-26,Surface Scratch,9,548,0.0164,Major,Tool wear,2024-04-26 00:00:00
170,Engine Mounts,2024-04-26,Material Contamination,12,821,0.0146,Major,Environmental factors,2024-04-26 00:00:00
171,Sensor Assemblies,2024-04-28,Weld Defect,1,759,0.0013,Minor,Tool wear,2024-04-28 00:00:00
172,Turbine Blades,2024-04-28,Missing Component,3,109,0.0275,Minor,Environmental factors,2024-04-28 00:00:00
173,Precision Bearings,2024-04-29,Weld Defect,0,891,0.0,Minor,Environmental factors,2024-04-29 00:00:00
174,Sensor Assemblies,2024-05-02,Weld Defect,0,229,0.0,Major,Tool wear,2024-05-02 00:00:00
175,Precision Bearings,2024-05-02,Porosity,1,165,0.0061,Major,Machine calibration,2024-05-02 00:00:00
176,Sensor Assemblies,2024-05-04,Porosity,11,730,0.0151,Major,Operator error,2024-05-04 00:00:00
177,Sensor Assemblies,2024-05-05,Incorrect Assembly,36,802,0.0449,Critical,Tool wear,2024-05-05 00:00:00
178,Composite Panels,2024-05-06,Surface Scratch,0,172,0.0,Major,Process deviation,2024-05-06 00:00:00
179,Turbine Blades,2024-05-06,Coating Failure,1,759,0.0013,Minor,Process deviation,2024-05-06 00:00:00
180,Engine Mounts,2024-05-09,Surface Scratch,8,588,0.0136,Minor,Material variance,2024-05-09 00:00:00
181,Engine Mounts,2024-05-09,Material Contamination,8,612,0.0131,Minor,Material variance,2024-05-09 00:00:00
182,Control Valves,2024-05-09,Missing Component,18,683,0.0264,Minor,Machine calibration,2024-05-09 00:00:00
183,Control Valves,2024-05-10,Coating Failure,0,121,0.0,Major,Process deviation,2024-05-10 00:00:00
184,Composite Panels,2024-05-10,Incorrect Assembly,10,876,0.0114,Major,Tool wear,2024-05-10 00:00:00
185,Hydraulic Actuators,2024-05-11,Surface Scratch,22,748,0.0294,Critical,Process deviation,2024-05-11 00:00:00
186,Composite Panels,2024-05-12,Material Contamination,8,420,0.019,Major,Material variance,2024-05-12 00:00:00
187,Landing Gear,2024-05-13,Missing Component,17,570,0.0298,Critical,Environmental factors,2024-05-13 00:00:00
188,Turbine Blades,2024-05-13,Thread Damage,11,742,0.0148,Minor,Material variance,2024-05-13 00:00:00
189,Control Valves,2024-05-14,Dimensional Out-of-Spec,10,415,0.0241,Critical,Tool wear,2024-05-14 00:00:00
190,Turbine Blades,2024-05-17,Surface Scratch,7,464,0.0151,Minor,Environmental factors,2024-05-17 00:00:00
191,Composite Panels,2024-05-17,Weld Defect,16,622,0.0257,Critical,Material variance,2024-05-17 00:00:00
192,Landing Gear,2024-05-17,Coating Failure,6,190,0.0316,Major,Material variance,2024-05-17 00:00:00
193,Turbine Blades,2024-05-18,Stress Crack,10,388,0.0258,Major,Environmental factors,2024-05-18 00:00:00
194,Sensor Assemblies,2024-05-19,Material Contamination,36,977,0.0368,Critical,Material variance,2024-05-19 00:00:00
195,Composite Panels,2024-05-19,Coating Failure,5,419,0.0119,Critical,Material variance,2024-05-19 00:00:00
196,Control Valves,2024-05-19,Material Contamination,21,529,0.0397,Critical,Machine calibration,2024-05-19 00:00:00
197,Engine Mounts,2024-05-20,Porosity,11,478,0.023,Critical,Tool wear,2024-05-20 00:00:00
198,Engine Mounts,2024-05-21,Surface Scratch,28,574,0.0488,Minor,Environmental factors,2024-05-21 00:00:00
199,Hydraulic Actuators,2024-05-21,Dimensional Out-of-Spec,3,101,0.0297,Critical,Operator error,2024-05-21 00:00:00
200,Control Valves,2024-05-22,Surface Scratch,35,830,0.0422,Critical,Material variance,2024-05-22 00:00:00
201,Hydraulic Actuators,2024-05-23,Thread Damage,10,201,0.0498,Minor,Machine calibration,2024-05-23 00:00:00
202,Hydraulic Actuators,2024-05-23,Porosity,5,169,0.0296,Critical,Environmental factors,2024-05-23 00:00:00
203,Engine Mounts,2024-05-23,Incorrect Assembly,0,840,0.0,Minor,Tool wear,2024-05-23 00:00:00
204,Landing Gear,2024-05-24,Porosity,7,891,0.0079,Major,Material variance,2024-05-24 00:00:00
205,Sensor Assemblies,2024-05-24,Porosity,17,440,0.0386,Critical,Machine calibration,2024-05-24 00:00:00
206,Sensor Assemblies,2024-05-24,Stress Crack,29,682,0.0425,Critical,Machine calibration,2024-05-24 00:00:00
207,Turbine Blades,2024-05-26,Incorrect Assembly,3,825,0.0036,Critical,Process deviation,2024-05-26 00:00:00
208,Control Valves,2024-05-26,Coating Failure,8,168,0.0476,Minor,Material variance,2024-05-26 00:00:00
209,Engine Mounts,2024-05-26,Porosity,12,276,0.0435,Major,Operator error,2024-05-26 00:00:00
210,Turbine Blades,2024-05-27,Porosity,6,773,0.0078,Critical,Material variance,2024-05-27 00:00:00
211,Engine Mounts,2024-05-27,Surface Scratch,0,266,0.0,Critical,Environmental factors,2024-05-27 00:00:00
212,Precision Bearings,2024-05-28,Weld Defect,8,649,0.0123,Critical,Machine calibration,2024-05-28 00:00:00
213,Turbine Blades,2024-05-29,Missing Component,2,358,0.0056,Major,Process deviation,2024-05-29 00:00:00
214,Control Valves,2024-05-30,Porosity,8,848,0.0094,Minor,Tool wear,2024-05-30 00:00:00
215,Landing Gear,2024-05-30,Thread Damage,11,531,0.0207,Minor,Machine calibration,2024-05-30 00:00:00
216,Turbine Blades,2024-05-31,Surface Scratch,8,789,0.0101,Critical,Tool wear,2024-05-31 00:00:00
217,Turbine Blades,2024-06-01,Weld Defect,4,383,0.0104,Critical,Material variance,2024-06-01 00:00:00
218,Engine Mounts,2024-06-02,Dimensional Out-of-Spec,4,467,0.0086,Critical,Operator error,2024-06-02 00:00:00
219,Control Valves,2024-06-02,Porosity,2,142,0.0141,Critical,Process deviation,2024-06-02 00:00:00
220,Sensor Assemblies,2024-06-02,Missing Component,6,148,0.0405,Major,Material variance,2024-06-02 00:00:00
221,Control Valves,2024-06-05,Stress Crack,28,948,0.0295,Major,Operator error,2024-06-05 00:00:00
222,Composite Panels,2024-06-05,Thread Damage,6,698,0.0086,Minor,Material variance,2024-06-05 00:00:00
223,Landing Gear,2024-06-06,Material Contamination,1,800,0.0013,Minor,Tool wear,2024-06-06 00:00:00
224,Landing Gear,2024-06-07,Coating Failure,9,580,0.0155,Minor,Tool wear,2024-06-07 00:00:00
225,Hydraulic Actuators,2024-06-07,Weld Defect,33,696,0.0474,Critical,Tool wear,2024-06-07 00:00:00
226,Precision Bearings,2024-06-07,Missing Component,17,353,0.0482,Critical,Environmental factors,2024-06-07 00:00:00
227,Composite Panels,2024-06-08,Thread Damage,2,266,0.0075,Critical,Material variance,2024-06-08 00:00:00
228,Landing Gear,2024-06-08,Surface Scratch,15,529,0.0284,Minor,Tool wear,2024-06-08 00:00:00
229,Sensor Assemblies,2024-06-08,Incorrect Assembly,17,515,0.033,Major,Process deviation,2024-06-08 00:00:00
230,Turbine Blades,2024-06-09,Coating Failure,7,492,0.0142,Critical,Tool wear,2024-06-09 00:00:00
231,Composite Panels,2024-06-09,Surface Scratch,11,470,0.0234,Major,Environmental factors,2024-06-09 00:00:00
232,Precision Bearings,2024-06-09,Missing Component,16,897,0.0178,Minor,Tool wear,2024-06-09 00:00:00
233,Composite Panels,2024-06-10,Missing Component,6,500,0.012,Minor,Material variance,2024-06-10 00:00:00
234,Control Valves,2024-06-10,Incorrect Assembly,26,681,0.0382,Critical,Operator error,2024-06-10 00:00:00
235,Composite Panels,2024-06-10,Weld Defect,7,271,0.0258,Critical,Material variance,2024-06-10 00:00:00
236,Hydraulic Actuators,2024-06-11,Dimensional Out-of-Spec,26,544,0.0478,Critical,Operator error,2024-06-11 00:00:00
237,Hydraulic Actuators,2024-06-11,Coating Failure,6,361,0.0166,Minor,Material variance,2024-06-11 00:00:00
238,Sensor Assemblies,2024-06-11,Incorrect Assembly,35,770,0.0455,Major,Machine calibration,2024-06-11 00:00:00
239,Landing Gear,2024-06-12,Porosity,32,795,0.0403,Minor,Tool wear,2024-06-12 00:00:00
240,Landing Gear,2024-06-13,Coating Failure,39,857,0.0455,Critical,Machine calibration,2024-06-13 00:00:00
241,Control Valves,2024-06-13,Dimensional Out-of-Spec,19,841,0.0226,Minor,Environmental factors,2024-06-13 00:00:00
242,Composite Panels,2024-06-13,Weld Defect,7,369,0.019,Minor,Operator error,2024-06-13 00:00:00
243,Hydraulic Actuators,2024-06-14,Stress Crack,18,837,0.0215,Critical,Operator error,2024-06-14 00:00:00
244,Control Valves,2024-06-16,Missing Component,7,330,0.0212,Critical,Tool wear,2024-06-16 00:00:00
245,Control Valves,2024-06-16,Incorrect Assembly,1,179,0.0056,Minor,Environmental factors,2024-06-16 00:00:00
246,Composite Panels,2024-06-17,Missing Component,2,128,0.0156,Major,Process deviation,2024-06-17 00:00:00
247,Composite Panels,2024-06-17,Missing Component,36,806,0.0447,Major,Operator error,2024-06-17 00:00:00
248,Engine Mounts,2024-06-17,Missing Component,18,511,0.0352,Minor,Machine calibration,2024-06-17 00:00:00
249,Control Valves,2024-06-18,Coating Failure,7,469,0.0149,Major,Environmental factors,2024-06-18 00:00:00
250,Engine Mounts,2024-06-18,Coating Failure,17,977,0.0174,Major,Machine calibration,2024-06-18 00:00:00
251,Landing Gear,2024-06-19,Missing Component,6,541,0.0111,Critical,Tool wear,2024-06-19 00:00:00
252,Hydraulic Actuators,2024-06-19,Incorrect Assembly,9,451,0.02,Critical,Environmental factors,2024-06-19 00:00:00
253,Turbine Blades,2024-06-19,Thread Damage,21,686,0.0306,Major,Environmental factors,2024-06-19 00:00:00
254,Hydraulic Actuators,2024-06-21,Thread Damage,25,878,0.0285,Critical,Operator error,2024-06-21 00:00:00
255,Sensor Assemblies,2024-06-21,Coating Failure,24,689,0.0348,Major,Process deviation,2024-06-21 00:00:00
256,Landing Gear,2024-06-22,Surface Scratch,15,973,0.0154,Major,Operator error,2024-06-22 00:00:00
257,Control Valves,2024-06-23,Thread Damage,22,476,0.0462,Critical,Operator error,2024-06-23 00:00:00
258,Composite Panels,2024-06-24,Surface Scratch,4,225,0.0178,Minor,Operator error,2024-06-24 00:00:00
259,Control Valves,2024-06-25,Coating Failure,10,911,0.011,Critical,Operator error,2024-06-25 00:00:00
260,Precision Bearings,2024-06-26,Stress Crack,1,318,0.0031,Minor,Process deviation,2024-06-26 00:00:00
261,Control Valves,2024-06-26,Weld Defect,29,773,0.0375,Critical,Machine calibration,2024-06-26 00:00:00
262,Sensor Assemblies,2024-06-30,Dimensional Out-of-Spec,2,271,0.0074,Critical,Operator error,2024-06-30 00:00:00
263,Engine Mounts,2024-06-30,Missing Component,8,194,0.0412,Major,Material variance,2024-06-30 00:00:00
264,Control Valves,2024-06-30,Missing Component,21,471,0.0446,Minor,Material variance,2024-06-30 00:00:00
265,Engine Mounts,2024-07-01,Stress Crack,8,365,0.0219,Critical,Tool wear,2024-07-01 00:00:00
266,Engine Mounts,2024-07-01,Material Contamination,10,298,0.0336,Minor,Machine calibration,2024-07-01 00:00:00
267,Turbine Blades,2024-07-01,Coating Failure,33,808,0.0408,Major,Machine calibration,2024-07-01 00:00:00
268,Control Valves,2024-07-02,Stress Crack,14,555,0.0252,Critical,Environmental factors,2024-07-02 00:00:00
269,Composite Panels,2024-07-03,Coating Failure,20,798,0.0251,Critical,Material variance,2024-07-03 00:00:00
270,Engine Mounts,2024-07-03,Missing Component,0,103,0.0,Critical,Machine calibration,2024-07-03 00:00:00
271,Turbine Blades,2024-07-03,Incorrect Assembly,40,881,0.0454,Critical,Process deviation,2024-07-03 00:00:00
272,Sensor Assemblies,2024-07-06,Surface Scratch,33,764,0.0432,Critical,Tool wear,2024-07-06 00:00:00
273,Hydraulic Actuators,2024-07-06,Material Contamination,27,595,0.0454,Minor,Material variance,2024-07-06 00:00:00
274,Hydraulic Actuators,2024-07-08,Weld Defect,14,427,0.0328,Critical,Process deviation,2024-07-08 00:00:00
275,Turbine Blades,2024-07-08,Weld Defect,19,718,0.0265,Minor,Machine calibration,2024-07-08 00:00:00
276,Composite Panels,2024-07-10,Stress Crack,5,641,0.0078,Critical,Tool wear,2024-07-10 00:00:00
277,Landing Gear,2024-07-11,Thread Damage,12,302,0.0397,Major,Operator error,2024-07-11 00:00:00
278,Composite Panels,2024-07-12,Surface Scratch,14,280,0.05,Minor,Machine calibration,2024-07-12 00:00:00
279,Engine Mounts,2024-07-13,Incorrect Assembly,15,902,0.0166,Critical,Machine calibration,2024-07-13 00:00:00
280,Sensor Assemblies,2024-07-14,Weld Defect,42,947,0.0444,Critical,Material variance,2024-07-14 00:00:00
281,Hydraulic Actuators,2024-07-14,Stress Crack,10,254,0.0394,Critical,Machine calibration,2024-07-14 00:00:00
282,Hydraulic Actuators,2024-07-15,Incorrect Assembly,2,101,0.0198,Major,Machine calibration,2024-07-15 00:00:00
283,Sensor Assemblies,2024-07-16,Weld Defect,4,330,0.0121,Major,Process deviation,2024-07-16 00:00:00
284,Turbine Blades,2024-07-18,Dimensional Out-of-Spec,12,580,0.0207,Critical,Environmental factors,2024-07-18 00:00:00
285,Engine Mounts,2024-07-18,Coating Failure,2,146,0.0137,Minor,Process deviation,2024-07-18 00:00:00
286,Control Valves,2024-07-20,Dimensional Out-of-Spec,1,490,0.002,Critical,Process deviation,2024-07-20 00:00:00
287,Composite Panels,2024-07-22,Porosity,5,202,0.0248,Critical,Environmental factors,2024-07-22 00:00:00
288,Landing Gear,2024-07-23,Coating Failure,31,979,0.0317,Minor,Operator error,2024-07-23 00:00:00
289,Composite Panels,2024-07-24,Incorrect Assembly,6,589,0.0102,Major,Operator error,2024-07-24 00:00:00
290,Hydraulic Actuators,2024-07-24,Weld Defect,3,248,0.0121,Minor,Material variance,2024-07-24 00:00:00
291,Hydraulic Actuators,2024-07-25,Surface Scratch,32,829,0.0386,Minor,Tool wear,2024-07-25 00:00:00
292,Precision Bearings,2024-07-26,Porosity,5,257,0.0195,Minor,Machine calibration,2024-07-26 00:00:00
293,Hydraulic Actuators,2024-07-26,Material Contamination,40,834,0.048,Critical,Machine calibration,2024-07-26 00:00:00
294,Composite Panels,2024-07-27,Material Contamination,6,158,0.038,Minor,Operator error,2024-07-27 00:00:00
295,Control Valves,2024-07-27,Surface Scratch,20,480,0.0417,Major,Material variance,2024-07-27 00:00:00
296,Control Valves,2024-07-28,Porosity,1,168,0.006,Critical,Operator error,2024-07-28 00:00:00
297,Composite Panels,2024-07-28,Missing Component,31,800,0.0387,Critical,Material variance,2024-07-28 00:00:00
298,Turbine Blades,2024-07-28,Incorrect Assembly,21,597,0.0352,Critical,Environmental factors,2024-07-28 00:00:00
299,Landing Gear,2024-07-29,Incorrect Assembly,35,768,0.0456,Critical,Tool wear,2024-07-29 00:00:00
300,Landing Gear,2024-07-29,Material Contamination,12,325,0.0369,Major,Machine calibration,2024-07-29 00:00:00
301,Composite Panels,2024-07-31,Incorrect Assembly,15,334,0.0449,Major,Tool wear,2024-07-31 00:00:00
302,Sensor Assemblies,2024-07-31,Stress Crack,17,848,0.02,Critical,Operator error,2024-07-31 00:00:00
303,Precision Bearings,2024-08-01,Material Contamination,4,682,0.0059,Minor,Machine calibration,2024-08-01 00:00:00
304,Landing Gear,2024-08-01,Coating Failure,2,477,0.0042,Minor,Operator error,2024-08-01 00:00:00
305,Sensor Assemblies,2024-08-04,Surface Scratch,8,538,0.0149,Minor,Machine calibration,2024-08-04 00:00:00
306,Landing Gear,2024-08-04,Thread Damage,24,690,0.0348,Critical,Environmental factors,2024-08-04 00:00:00
307,Engine Mounts,2024-08-05,Incorrect Assembly,31,660,0.047,Critical,Tool wear,2024-08-05 00:00:00
308,Engine Mounts,2024-08-05,Material Contamination,0,922,0.0,Critical,Operator error,2024-08-05 00:00:00
309,Composite Panels,2024-08-06,Surface Scratch,10,262,0.0382,Critical,Environmental factors,2024-08-06 00:00:00
310,Landing Gear,2024-08-07,Dimensional Out-of-Spec,11,239,0.046,Critical,Operator error,2024-08-07 00:00:00
311,Landing Gear,2024-08-07,Coating Failure,7,306,0.0229,Minor,Process deviation,2024-08-07 00:00:00
312,Engine Mounts,2024-08-07,Coating Failure,29,644,0.045,Critical,Environmental factors,2024-08-07 00:00:00
313,Control Valves,2024-08-08,Coating Failure,2,175,0.0114,Major,Process deviation,2024-08-08 00:00:00
314,Control Valves,2024-08-08,Material Contamination,9,181,0.0497,Critical,Process deviation,2024-08-08 00:00:00
315,Composite Panels,2024-08-08,Stress Crack,1,791,0.0013,Major,Machine calibration,2024-08-08 00:00:00
316,Composite Panels,2024-08-09,Weld Defect,7,460,0.0152,Minor,Machine calibration,2024-08-09 00:00:00
317,Precision Bearings,2024-08-09,Thread Damage,3,307,0.0098,Critical,Machine calibration,2024-08-09 00:00:00
318,Composite Panels,2024-08-09,Weld Defect,9,436,0.0206,Critical,Environmental factors,2024-08-09 00:00:00
319,Hydraulic Actuators,2024-08-10,Material Contamination,3,338,0.0089,Critical,Material variance,2024-08-10 00:00:00
320,Landing Gear,2024-08-10,Incorrect Assembly,4,700,0.0057,Critical,Operator error,2024-08-10 00:00:00
321,Composite Panels,2024-08-11,Thread Damage,9,378,0.0238,Minor,Process deviation,2024-08-11 00:00:00
322,Precision Bearings,2024-08-11,Surface Scratch,0,591,0.0,Critical,Material variance,2024-08-11 00:00:00
323,Composite Panels,2024-08-11,Coating Failure,29,674,0.043,Major,Operator error,2024-08-11 00:00:00
324,Engine Mounts,2024-08-12,Thread Damage,9,510,0.0176,Major,Environmental factors,2024-08-12 00:00:00
325,Engine Mounts,2024-08-12,Coating Failure,2,416,0.0048,Critical,Process deviation,2024-08-12 00:00:00
326,Sensor Assemblies,2024-08-12,Surface Scratch,22,536,0.041,Major,Operator error,2024-08-12 00:00:00
327,Control Valves,2024-08-15,Weld Defect,10,461,0.0217,Major,Material variance,2024-08-15 00:00:00
328,Turbine Blades,2024-08-15,Missing Component,24,702,0.0342,Minor,Process deviation,2024-08-15 00:00:00
329,Hydraulic Actuators,2024-08-15,Dimensional Out-of-Spec,14,575,0.0243,Critical,Machine calibration,2024-08-15 00:00:00
330,Hydraulic Actuators,2024-08-16,Weld Defect,24,682,0.0352,Major,Material variance,2024-08-16 00:00:00
331,Turbine Blades,2024-08-16,Thread Damage,23,811,0.0284,Major,Machine calibration,2024-08-16 00:00:00
332,Sensor Assemblies,2024-08-18,Material Contamination,3,458,0.0066,Minor,Material variance,2024-08-18 00:00:00
333,Composite Panels,2024-08-19,Coating Failure,13,790,0.0165,Major,Material variance,2024-08-19 00:00:00
334,Landing Gear,2024-08-19,Thread Damage,20,973,0.0206,Major,Environmental factors,2024-08-19 00:00:00
335,Sensor Assemblies,2024-08-19,Incorrect Assembly,25,726,0.0344,Major,Process deviation,2024-08-19 00:00:00
336,Control Valves,2024-08-20,Missing Component,10,405,0.0247,Major,Machine calibration,2024-08-20 00:00:00
337,Control Valves,2024-08-20,Dimensional Out-of-Spec,8,414,0.0193,Major,Environmental factors,2024-08-20 00:00:00
338,Landing Gear,2024-08-20,Thread Damage,18,505,0.0356,Minor,Material variance,2024-08-20 00:00:00
339,Precision Bearings,2024-08-21,Stress Crack,18,382,0.0471,Major,Material variance,2024-08-21 00:00:00
340,Composite Panels,2024-08-22,Porosity,0,370,0.0,Minor,Machine calibration,2024-08-22 00:00:00
341,Hydraulic Actuators,2024-08-22,Surface Scratch,3,249,0.012,Minor,Operator error,2024-08-22 00:00:00
342,Hydraulic Actuators,2024-08-23,Weld Defect,30,719,0.0417,Minor,Machine calibration,2024-08-23 00:00:00
343,Precision Bearings,2024-08-23,Material Contamination,3,202,0.0149,Critical,Tool wear,2024-08-23 00:00:00
344,Engine Mounts,2024-08-23,Material Contamination,0,232,0.0,Critical,Process deviation,2024-08-23 00:00:00
345,Sensor Assemblies,2024-08-25,Incorrect Assembly,16,408,0.0392,Critical,Operator error,2024-08-25 00:00:00
346,Composite Panels,2024-08-25,Stress Crack,10,479,0.0209,Minor,Material variance,2024-08-25 00:00:00
347,Hydraulic Actuators,2024-08-25,Surface Scratch,1,138,0.0072,Critical,Operator error,2024-08-25 00:00:00
348,Composite Panels,2024-08-26,Coating Failure,19,968,0.0196,Critical,Material variance,2024-08-26 00:00:00
349,Control Valves,2024-08-26,Surface Scratch,3,680,0.0044,Critical,Machine calibration,2024-08-26 00:00:00
350,Landing Gear,2024-08-27,Weld Defect,1,239,0.0042,Minor,Process deviation,2024-08-27 00:00:00
351,Sensor Assemblies,2024-08-27,Incorrect Assembly,25,979,0.0255,Minor,Machine calibration,2024-08-27 00:00:00
352,Control Valves,2024-08-28,Incorrect Assembly,18,438,0.0411,Minor,Machine calibration,2024-08-28 00:00:00
353,Engine Mounts,2024-08-28,Coating Failure,4,102,0.0392,Critical,Environmental factors,2024-08-28 00:00:00
354,Control Valves,2024-08-28,Incorrect Assembly,4,170,0.0235,Minor,Operator error,2024-08-28 00:00:00
355,Precision Bearings,2024-08-29,Coating Failure,20,812,0.0246,Major,Material variance,2024-08-29 00:00:00
356,Sensor Assemblies,2024-09-01,Missing Component,3,149,0.0201,Critical,Material variance,2024-09-01 00:00:00
357,Hydraulic Actuators,2024-09-02,Surface Scratch,8,786,0.0102,Critical,Material variance,2024-09-02 00:00:00
358,Precision Bearings,2024-09-02,Material Contamination,9,568,0.0158,Major,Process deviation,2024-09-02 00:00:00
359,Control Valves,2024-09-02,Surface Scratch,6,771,0.0078,Major,Material variance,2024-09-02 00:00:00
360,Composite Panels,2024-09-03,Coating Failure,23,616,0.0373,Minor,Tool wear,2024-09-03 00:00:00
361,Turbine Blades,2024-09-03,Material Contamination,20,665,0.0301,Minor,Operator error,2024-09-03 00:00:00
362,Composite Panels,2024-09-03,Surface Scratch,37,871,0.0425,Critical,Machine calibration,2024-09-03 00:00:00
363,Engine Mounts,2024-09-05,Stress Crack,2,392,0.0051,Major,Material variance,2024-09-05 00:00:00
364,Turbine Blades,2024-09-05,Incorrect Assembly,6,409,0.0147,Critical,Material variance,2024-09-05 00:00:00
365,Control Valves,2024-09-05,Surface Scratch,23,649,0.0354,Critical,Material variance,2024-09-05 00:00:00
366,Composite Panels,2024-09-06,Material Contamination,10,500,0.02,Major,Operator error,2024-09-06 00:00:00
367,Hydraulic Actuators,2024-09-06,Material Contamination,6,303,0.0198,Minor,Material variance,2024-09-06 00:00:00
368,Turbine Blades,2024-09-07,Material Contamination,0,239,0.0,Major,Process deviation,2024-09-07 00:00:00
369,Control Valves,2024-09-09,Weld Defect,0,998,0.0,Critical,Material variance,2024-09-09 00:00:00
370,Precision Bearings,2024-09-10,Stress Crack,14,518,0.027,Critical,Machine calibration,2024-09-10 00:00:00
371,Engine Mounts,2024-09-12,Stress Crack,0,473,0.0,Major,Material variance,2024-09-12 00:00:00
372,Engine Mounts,2024-09-12,Incorrect Assembly,22,724,0.0304,Critical,Machine calibration,2024-09-12 00:00:00
373,Turbine Blades,2024-09-12,Incorrect Assembly,4,277,0.0144,Critical,Tool wear,2024-09-12 00:00:00
374,Control Valves,2024-09-14,Porosity,37,852,0.0434,Major,Process deviation,2024-09-14 00:00:00
375,Control Valves,2024-09-15,Missing Component,1,129,0.0078,Minor,Material variance,2024-09-15 00:00:00
376,Precision Bearings,2024-09-17,Thread Damage,2,569,0.0035,Minor,Tool wear,2024-09-17 00:00:00
377,Hydraulic Actuators,2024-09-19,Material Contamination,10,267,0.0375,Major,Tool wear,2024-09-19 00:00:00
378,Sensor Assemblies,2024-09-19,Coating Failure,7,159,0.044,Major,Machine calibration,2024-09-19 00:00:00
379,Engine Mounts,2024-09-19,Stress Crack,6,847,0.0071,Minor,Machine calibration,2024-09-19 00:00:00
380,Sensor Assemblies,2024-09-20,Coating Failure,16,944,0.0169,Critical,Environmental factors,2024-09-20 00:00:00
381,Hydraulic Actuators,2024-09-20,Coating Failure,1,370,0.0027,Major,Machine calibration,2024-09-20 00:00:00
382,Control Valves,2024-09-20,Material Contamination,28,649,0.0431,Minor,Process deviation,2024-09-20 00:00:00
383,Sensor Assemblies,2024-09-21,Dimensional Out-of-Spec,27,617,0.0438,Critical,Material variance,2024-09-21 00:00:00
384,Turbine Blades,2024-09-22,Incorrect Assembly,37,921,0.0402,Major,Process deviation,2024-09-22 00:00:00
385,Precision Bearings,2024-09-22,Porosity,16,829,0.0193,Minor,Machine calibration,2024-09-22 00:00:00
386,Control Valves,2024-09-23,Weld Defect,7,597,0.0117,Major,Environmental factors,2024-09-23 00:00:00
387,Landing Gear,2024-09-25,Dimensional Out-of-Spec,1,233,0.0043,Critical,Tool wear,2024-09-25 00:00:00
388,Turbine Blades,2024-09-26,Porosity,11,341,0.0323,Major,Machine calibration,2024-09-26 00:00:00
389,Turbine Blades,2024-09-26,Stress Crack,4,785,0.0051,Critical,Process deviation,2024-09-26 00:00:00
390,Precision Bearings,2024-09-26,Weld Defect,2,810,0.0025,Minor,Material variance,2024-09-26 00:00:00
391,Landing Gear,2024-09-27,Incorrect Assembly,16,701,0.0228,Critical,Environmental factors,2024-09-27 00:00:00
392,Sensor Assemblies,2024-09-27,Stress Crack,7,852,0.0082,Critical,Material variance,2024-09-27 00:00:00
393,Hydraulic Actuators,2024-09-28,Coating Failure,30,604,0.0497,Minor,Operator error,2024-09-28 00:00:00
394,Control Valves,2024-09-29,Material Contamination,29,670,0.0433,Critical,Tool wear,2024-09-29 00:00:00
395,Precision Bearings,2024-09-30,Dimensional Out-of-Spec,2,253,0.0079,Major,Material variance,2024-09-30 00:00:00
396,Composite Panels,2024-09-30,Missing Component,20,795,0.0252,Minor,Machine calibration,2024-09-30 00:00:00
397,Control Valves,2024-10-01,Surface Scratch,11,299,0.0368,Minor,Environmental factors,2024-10-01 00:00:00
398,Control Valves,2024-10-01,Missing Component,9,307,0.0293,Major,Process deviation,2024-10-01 00:00:00
399,Turbine Blades,2024-10-01,Porosity,16,412,0.0388,Major,Environmental factors,2024-10-01 00:00:00
400,Turbine Blades,2024-10-02,Surface Scratch,14,377,0.0371,Critical,Tool wear,2024-10-02 00:00:00
401,Sensor Assemblies,2024-10-02,Porosity,24,728,0.033,Minor,Operator error,2024-10-02 00:00:00
402,Control Valves,2024-10-04,Stress Crack,43,906,0.0475,Major,Operator error,2024-10-04 00:00:00
403,Hydraulic Actuators,2024-10-04,Weld Defect,13,506,0.0257,Critical,Environmental factors,2024-10-04 00:00:00
404,Composite Panels,2024-10-05,Material Contamination,8,338,0.0237,Major,Process deviation,2024-10-05 00:00:00
405,Engine Mounts,2024-10-05,Material Contamination,5,426,0.0117,Major,Environmental factors,2024-10-05 00:00:00
406,Turbine Blades,2024-10-06,Coating Failure,2,528,0.0038,Major,Environmental factors,2024-10-06 00:00:00
407,Hydraulic Actuators,2024-10-08,Incorrect Assembly,5,128,0.0391,Minor,Machine calibration,2024-10-08 00:00:00
408,Hydraulic Actuators,2024-10-09,Dimensional Out-of-Spec,18,706,0.0255,Critical,Operator error,2024-10-09 00:00:00
409,Control Valves,2024-10-10,Thread Damage,2,143,0.014,Major,Operator error,2024-10-10 00:00:00
410,Composite Panels,2024-10-10,Weld Defect,13,338,0.0385,Major,Machine calibration,2024-10-10 00:00:00
411,Hydraulic Actuators,2024-10-10,Material Contamination,26,761,0.0342,Minor,Machine calibration,2024-10-10 00:00:00
412,Hydraulic Actuators,2024-10-11,Coating Failure,6,143,0.042,Critical,Operator error,2024-10-11 00:00:00
413,Precision Bearings,2024-10-11,Surface Scratch,32,738,0.0434,Minor,Machine calibration,2024-10-11 00:00:00
414,Landing Gear,2024-10-12,Dimensional Out-of-Spec,3,299,0.01,Critical,Machine calibration,2024-10-12 00:00:00
415,Turbine Blades,2024-10-12,Thread Damage,4,144,0.0278,Minor,Material variance,2024-10-12 00:00:00
416,Landing Gear,2024-10-13,Dimensional Out-of-Spec,41,938,0.0437,Critical,Material variance,2024-10-13 00:00:00
417,Landing Gear,2024-10-15,Missing Component,23,481,0.0478,Minor,Machine calibration,2024-10-15 00:00:00
418,Hydraulic Actuators,2024-10-17,Porosity,27,990,0.0273,Major,Environmental factors,2024-10-17 00:00:00
419,Engine Mounts,2024-10-17,Surface Scratch,9,511,0.0176,Critical,Environmental factors,2024-10-17 00:00:00
420,Precision Bearings,2024-10-19,Coating Failure,3,669,0.0045,Major,Operator error,2024-10-19 00:00:00
421,Hydraulic Actuators,2024-10-19,Surface Scratch,43,957,0.0449,Critical,Process deviation,2024-10-19 00:00:00
422,Engine Mounts,2024-10-20,Porosity,20,552,0.0362,Major,Material variance,2024-10-20 00:00:00
423,Sensor Assemblies,2024-10-21,Coating Failure,24,894,0.0268,Major,Process deviation,2024-10-21 00:00:00
424,Precision Bearings,2024-10-21,Thread Damage,7,893,0.0078,Major,Machine calibration,2024-10-21 00:00:00
425,Control Valves,2024-10-22,Dimensional Out-of-Spec,5,403,0.0124,Minor,Material variance,2024-10-22 00:00:00
426,Hydraulic Actuators,2024-10-23,Weld Defect,1,283,0.0035,Critical,Tool wear,2024-10-23 00:00:00
427,Precision Bearings,2024-10-23,Surface Scratch,4,806,0.005,Major,Material variance,2024-10-23 00:00:00
428,Precision Bearings,2024-10-23,Dimensional Out-of-Spec,13,644,0.0202,Major,Machine calibration,2024-10-23 00:00:00
429,Landing Gear,2024-10-24,Thread Damage,7,192,0.0365,Major,Material variance,2024-10-24 00:00:00
430,Composite Panels,2024-10-24,Thread Damage,17,702,0.0242,Minor,Environmental factors,2024-10-24 00:00:00
431,Landing Gear,2024-10-24,Porosity,10,767,0.013,Minor,Material variance,2024-10-24 00:00:00
432,Composite Panels,2024-10-28,Surface Scratch,13,532,0.0244,Minor,Machine calibration,2024-10-28 00:00:00
433,Turbine Blades,2024-10-29,Incorrect Assembly,0,163,0.0,Critical,Machine calibration,2024-10-29 00:00:00
434,Sensor Assemblies,2024-10-30,Coating Failure,8,298,0.0268,Critical,Tool wear,2024-10-30 00:00:00
435,Turbine Blades,2024-11-01,Missing Component,5,434,0.0115,Critical,Environmental factors,2024-11-01 00:00:00
436,Control Valves,2024-11-01,Incorrect Assembly,0,663,0.0,Minor,Machine calibration,2024-11-01 00:00:00
437,Composite Panels,2024-11-02,Material Contamination,39,962,0.0405,Minor,Environmental factors,2024-11-02 00:00:00
438,Composite Panels,2024-11-05,Material Contamination,27,646,0.0418,Major,Process deviation,2024-11-05 00:00:00
439,Control Valves,2024-11-05,Material Contamination,14,978,0.0143,Minor,Material variance,2024-11-05 00:00:00
440,Composite Panels,2024-11-05,Weld Defect,13,789,0.0165,Major,Process deviation,2024-11-05 00:00:00
441,Landing Gear,2024-11-07,Coating Failure,34,746,0.0456,Critical,Process deviation,2024-11-07 00:00:00
442,Engine Mounts,2024-11-07,Coating Failure,3,207,0.0145,Minor,Operator error,2024-11-07 00:00:00
443,Hydraulic Actuators,2024-11-11,Material Contamination,32,779,0.0411,Critical,Material variance,2024-11-11 00:00:00
444,Landing Gear,2024-11-12,Porosity,34,789,0.0431,Minor,Material variance,2024-11-12 00:00:00
445,Hydraulic Actuators,2024-11-13,Thread Damage,23,572,0.0402,Minor,Tool wear,2024-11-13 00:00:00
446,Engine Mounts,2024-11-13,Coating Failure,0,433,0.0,Major,Process deviation,2024-11-13 00:00:00
447,Landing Gear,2024-11-14,Coating Failure,2,766,0.0026,Minor,Machine calibration,2024-11-14 00:00:00
448,Sensor Assemblies,2024-11-14,Material Contamination,37,945,0.0392,Critical,Machine calibration,2024-11-14 00:00:00
449,Landing Gear,2024-11-14,Missing Component,41,976,0.042,Critical,Tool wear,2024-11-14 00:00:00
450,Engine Mounts,2024-11-15,Coating Failure,28,721,0.0388,Critical,Process deviation,2024-11-15 00:00:00
451,Composite Panels,2024-11-17,Weld Defect,34,693,0.0491,Minor,Machine calibration,2024-11-17 00:00:00
452,Precision Bearings,2024-11-17,Stress Crack,21,458,0.0459,Critical,Machine calibration,2024-11-17 00:00:00
453,Composite Panels,2024-11-19,Coating Failure,11,485,0.0227,Minor,Process deviation,2024-11-19 00:00:00
454,Sensor Assemblies,2024-11-20,Material Contamination,6,688,0.0087,Major,Process deviation,2024-11-20 00:00:00
455,Precision Bearings,2024-11-21,Thread Damage,32,731,0.0438,Minor,Material variance,2024-11-21 00:00:00
456,Sensor Assemblies,2024-11-22,Coating Failure,8,328,0.0244,Minor,Machine calibration,2024-11-22 00:00:00
457,Turbine Blades,2024-11-22,Missing Component,28,882,0.0317,Critical,Environmental factors,2024-11-22 00:00:00
458,Precision Bearings,2024-11-24,Material Contamination,30,742,0.0404,Minor,Process deviation,2024-11-24 00:00:00
459,Composite Panels,2024-11-24,Dimensional Out-of-Spec,19,704,0.027,Major,Environmental factors,2024-11-24 00:00:00
460,Composite Panels,2024-11-24,Porosity,0,596,0.0,Critical,Environmental factors,2024-11-24 00:00:00
461,Precision Bearings,2024-11-25,Missing Component,31,802,0.0387,Minor,Operator error,2024-11-25 00:00:00
462,Precision Bearings,2024-11-25,Dimensional Out-of-Spec,8,515,0.0155,Minor,Material variance,2024-11-25 00:00:00
463,Precision Bearings,2024-11-25,Stress Crack,6,215,0.0279,Critical,Operator error,2024-11-25 00:00:00
464,Sensor Assemblies,2024-11-26,Thread Damage,12,311,0.0386,Minor,Environmental factors,2024-11-26 00:00:00
465,Landing Gear,2024-11-26,Thread Damage,9,489,0.0184,Minor,Tool wear,2024-11-26 00:00:00
466,Precision Bearings,2024-11-26,Surface Scratch,10,396,0.0253,Minor,Material variance,2024-11-26 00:00:00
467,Turbine Blades,2024-11-27,Dimensional Out-of-Spec,5,434,0.0115,Critical,Material variance,2024-11-27 00:00:00
468,Composite Panels,2024-11-27,Surface Scratch,7,242,0.0289,Major,Process deviation,2024-11-27 00:00:00
469,Precision Bearings,2024-11-27,Surface Scratch,3,666,0.0045,Minor,Material variance,2024-11-27 00:00:00
470,Precision Bearings,2024-11-28,Dimensional Out-of-Spec,16,467,0.0343,Critical,Tool wear,2024-11-28 00:00:00
471,Control Valves,2024-11-28,Surface Scratch,42,995,0.0422,Major,Process deviation,2024-11-28 00:00:00
472,Control Valves,2024-11-29,Missing Component,30,733,0.0409,Minor,Tool wear,2024-11-29 00:00:00
473,Sensor Assemblies,2024-11-29,Surface Scratch,7,525,0.0133,Critical,Process deviation,2024-11-29 00:00:00
474,Turbine Blades,2024-11-30,Weld Defect,0,148,0.0,Critical,Machine calibration,2024-11-30 00:00:00
475,Sensor Assemblies,2024-11-30,Coating Failure,24,837,0.0287,Critical,Environmental factors,2024-11-30 00:00:00
476,Control Valves,2024-12-01,Coating Failure,2,117,0.0171,Major,Tool wear,2024-12-01 00:00:00
477,Precision Bearings,2024-12-01,Weld Defect,36,885,0.0407,Major,Environmental factors,2024-12-01 00:00:00
478,Composite Panels,2024-12-02,Surface Scratch,18,559,0.0322,Minor,Process deviation,2024-12-02 00:00:00
479,Turbine Blades,2024-12-02,Porosity,7,769,0.0091,Major,Material variance,2024-12-02 00:00:00
480,Turbine Blades,2024-12-03,Weld Defect,0,131,0.0,Major,Operator error,2024-12-03 00:00:00
481,Landing Gear,2024-12-03,Missing Component,3,148,0.0203,Major,Operator error,2024-12-03 00:00:00
482,Precision Bearings,2024-12-03,Thread Damage,9,234,0.0385,Critical,Process deviation,2024-12-03 00:00:00
483,Precision Bearings,2024-12-04,Coating Failure,21,781,0.0269,Minor,Process deviation,2024-12-04 00:00:00
484,Sensor Assemblies,2024-12-04,Surface Scratch,4,268,0.0149,Major,Material variance,2024-12-04 00:00:00
485,Hydraulic Actuators,2024-12-04,Incorrect Assembly,5,219,0.0228,Minor,Environmental factors,2024-12-04 00:00:00
486,Engine Mounts,2024-12-05,Coating Failure,5,240,0.0208,Critical,Material variance,2024-12-05 00:00:00
487,Hydraulic Actuators,2024-12-05,Surface Scratch,9,227,0.0396,Major,Material variance,2024-12-05 00:00:00
488,Control Valves,2024-12-05,Stress Crack,18,750,0.024,Critical,Operator error,2024-12-05 00:00:00
489,Precision Bearings,2024-12-06,Coating Failure,28,591,0.0474,Major,Environmental factors,2024-12-06 00:00:00
490,Precision Bearings,2024-12-06,Incorrect Assembly,20,801,0.025,Minor,Material variance,2024-12-06 00:00:00
491,Composite Panels,2024-12-06,Dimensional Out-of-Spec,5,434,0.0115,Critical,Environmental factors,2024-12-06 00:00:00
492,Sensor Assemblies,2024-12-07,Dimensional Out-of-Spec,3,106,0.0283,Critical,Operator error,2024-12-07 00:00:00
493,Sensor Assemblies,2024-12-08,Material Contamination,3,323,0.0093,Minor,Environmental factors,2024-12-08 00:00:00
494,Turbine Blades,2024-12-08,Weld Defect,5,103,0.0485,Major,Material variance,2024-12-08 00:00:00
495,Landing Gear,2024-12-09,Stress Crack,4,989,0.004,Critical,Machine calibration,2024-12-09 00:00:00
496,Engine Mounts,2024-12-10,Coating Failure,5,606,0.0083,Major,Environmental factors,2024-12-10 00:00:00
497,Sensor Assemblies,2024-12-11,Incorrect Assembly,20,669,0.0299,Minor,Operator error,2024-12-11 00:00:00
498,Hydraulic Actuators,2024-12-12,Material Contamination,19,698,0.0272,Minor,Operator error,2024-12-12 00:00:00
499,Sensor Assemblies,2024-12-13,Dimensional Out-of-Spec,6,203,0.0296,Minor,Operator error,2024-12-13 00:00:00
500,Sensor Assemblies,2024-12-14,Stress Crack,5,729,0.0069,Critical,Tool wear,2024-12-14 00:00:00
501,Sensor Assemblies,2024-12-14,Incorrect Assembly,0,153,0.0,Major,Environmental factors,2024-12-14 00:00:00
502,Landing Gear,2024-12-14,Stress Crack,14,364,0.0385,Major,Operator error,2024-12-14 00:00:00
503,Control Valves,2024-12-15,Weld Defect,23,883,0.026,Major,Material variance,2024-12-15 00:00:00
504,Precision Bearings,2024-12-15,Porosity,27,548,0.0493,Minor,Machine calibration,2024-12-15 00:00:00
505,Precision Bearings,2024-12-15,Dimensional Out-of-Spec,7,214,0.0327,Major,Environmental factors,2024-12-15 00:00:00
506,Engine Mounts,2024-12-16,Missing Component,8,304,0.0263,Minor,Material variance,2024-12-16 00:00:00
507,Turbine Blades,2024-12-16,Stress Crack,7,441,0.0159,Minor,Environmental factors,2024-12-16 00:00:00
508,Control Valves,2024-12-18,Weld Defect,8,227,0.0352,Major,Tool wear,2024-12-18 00:00:00
509,Control Valves,2024-12-20,Porosity,41,945,0.0434,Minor,Material variance,2024-12-20 00:00:00
510,Turbine Blades,2024-12-21,Porosity,30,625,0.048,Minor,Material variance,2024-12-21 00:00:00
511,Landing Gear,2024-12-21,Stress Crack,5,461,0.0108,Minor,Process deviation,2024-12-21 00:00:00
512,Control Valves,2024-12-21,Porosity,2,109,0.0183,Major,Material variance,2024-12-21 00:00:00
513,Landing Gear,2024-12-22,Dimensional Out-of-Spec,5,420,0.0119,Major,Machine calibration,2024-12-22 00:00:00
514,Precision Bearings,2024-12-22,Weld Defect,10,518,0.0193,Major,Machine calibration,2024-12-22 00:00:00
515,Engine Mounts,2024-12-23,Surface Scratch,32,931,0.0344,Critical,Environmental factors,2024-12-23 00:00:00
516,Composite Panels,2024-12-25,Weld Defect,30,802,0.0374,Major,Operator error,2024-12-25 00:00:00
517,Composite Panels,2024-12-25,Stress Crack,2,608,0.0033,Major,Machine calibration,2024-12-25 00:00:00
518,Hydraulic Actuators,2024-12-26,Thread Damage,25,706,0.0354,Critical,Operator error,2024-12-26 00:00:00
519,Control Valves,2024-12-26,Material Contamination,12,314,0.0382,Minor,Environmental factors,2024-12-26 00:00:00
520,Precision Bearings,2024-12-26,Coating Failure,20,485,0.0412,Major,Operator error,2024-12-26 00:00:00
