_key,_id,column_name,column_slot,column_type,computation_template,concept_name,concept_type,default_value,description,domain,foreign_key,node_family,node_type,notnull,perspective,predicate,primary_key,synonyms,table_name,tags,unique_id
AllocatedQuantity:entity:semantic:canonical:none:none,manufacturing_graph_node/AllocatedQuantity:entity:semantic:canonical:none:none,,,,,AllocatedQuantity,metric,,Quantity of on-hand stock already committed / reserved to existing orders,operations,,semantic,concept,,canonical,none,,"[""allocated"",""reserved quantity"",""committed quantity""]",,"[""mrp"",""inventory"",""allocation""]",none
AvailableToPromise:entity:semantic:canonical:none:none,manufacturing_graph_node/AvailableToPromise:entity:semantic:canonical:none:none,,,,,AvailableToPromise,metric,,Uncommitted inventory available to promise to new customer orders (on hand minus allocated),operations,,semantic,concept,,canonical,none,,"[""ATP"",""available to promise quantity""]",,"[""mrp"",""inventory"",""availability""]",none
CertificationStatusState:entity:semantic:canonical:none:none,manufacturing_graph_node/CertificationStatusState:entity:semantic:canonical:none:none,,,,,CertificationStatusState,state,,Validity state of a certification (active / expired / revoked / pending),quality,,semantic,concept,,canonical,none,,[],,[],none
CertificationType:entity:semantic:canonical:none:none,manufacturing_graph_node/CertificationType:entity:semantic:canonical:none:none,,,,,CertificationType,classification,,Kind of certification held (material / process / quality-system / etc.),quality,,semantic,concept,,canonical,none,,[],,[],none
DefectSeverityCost:entity:semantic:canonical:none:none,manufacturing_graph_node/DefectSeverityCost:entity:semantic:canonical:none:none,,,,,DefectSeverityCost,classification,,Defect severity from cost impact perspective - focuses on financial exposure,finance,,semantic,concept,,canonical,none,,[],,[],none
DefectSeverityCustomer:entity:semantic:canonical:none:none,manufacturing_graph_node/DefectSeverityCustomer:entity:semantic:canonical:none:none,,,,,DefectSeverityCustomer,classification,,Defect severity from customer visibility perspective - focuses on brand risk,customer,,semantic,concept,,canonical,none,,[],,[],none
DefectSeverityQuality:entity:semantic:canonical:none:none,manufacturing_graph_node/DefectSeverityQuality:entity:semantic:canonical:none:none,,,,,DefectSeverityQuality,classification,,Defect severity from quality control perspective - focuses on product conformance,quality,,semantic,concept,,canonical,none,,[],,[],none
DeliveryPerformanceFinance:entity:semantic:canonical:none:none,manufacturing_graph_node/DeliveryPerformanceFinance:entity:semantic:canonical:none:none,,,,AVG(CASE WHEN {receipt_date} IS NOT NULL AND {receipt_date} <= {required_date} THEN 1.0 WHEN {receipt_date} IS NOT NULL AND {receipt_date} > {required_date} THEN 0.0 ELSE NULL END),DeliveryPerformanceFinance,metric,,Delivery metrics for cost/penalty calculation,finance,,semantic,concept,,canonical,none,,[],,[],none
DeliveryPerformanceOps:entity:semantic:canonical:none:none,manufacturing_graph_node/DeliveryPerformanceOps:entity:semantic:canonical:none:none,,,,AVG(CASE WHEN {receipt_date} IS NOT NULL AND {receipt_date} <= {required_date} THEN 1.0 WHEN {receipt_date} IS NOT NULL AND {receipt_date} > {required_date} THEN 0.0 ELSE NULL END),DeliveryPerformanceOps,metric,,Delivery metrics for operational planning,operations,,semantic,concept,,canonical,none,,[],,[],none
DeliveryPerformanceSupplier:entity:semantic:canonical:none:none,manufacturing_graph_node/DeliveryPerformanceSupplier:entity:semantic:canonical:none:none,,,,AVG(CASE WHEN {receipt_date} IS NOT NULL AND {receipt_date} <= {required_date} THEN 1.0 WHEN {receipt_date} IS NOT NULL AND {receipt_date} > {required_date} THEN 0.0 ELSE NULL END),DeliveryPerformanceSupplier,metric,,Delivery metrics for supplier scorecard,quality,,semantic,concept,,canonical,none,,[],,[],none
EMPLOYEE:entity:structural:system:none:none,manufacturing_graph_node/EMPLOYEE:entity:structural:system:none:none,,entity,,,,,,Employee master records,,,structural,table,,system,none,,,EMPLOYEE,,none
EconomicOrderQuantity:entity:semantic:canonical:none:none,manufacturing_graph_node/EconomicOrderQuantity:entity:semantic:canonical:none:none,,,,,EconomicOrderQuantity,metric,,Order quantity that minimizes combined ordering and holding cost (classic EOQ formula),operations,,semantic,concept,,canonical,none,,"[""EOQ"",""economic order qty"",""optimal order quantity""]",,"[""mrp"",""inventory"",""ordering""]",none
EquipmentStateCompliance:entity:semantic:canonical:none:none,manufacturing_graph_node/EquipmentStateCompliance:entity:semantic:canonical:none:none,,,,,EquipmentStateCompliance,state,,Equipment status for regulatory compliance,compliance,,semantic,concept,,canonical,none,,[],,[],none
EquipmentStateMaintenance:entity:semantic:canonical:none:none,manufacturing_graph_node/EquipmentStateMaintenance:entity:semantic:canonical:none:none,,,,,EquipmentStateMaintenance,state,,Equipment status for maintenance planning,operations,,semantic,concept,,canonical,none,,[],,[],none
EquipmentStateProduction:entity:semantic:canonical:none:none,manufacturing_graph_node/EquipmentStateProduction:entity:semantic:canonical:none:none,,,,,EquipmentStateProduction,state,,Equipment status for production scheduling,operations,,semantic,concept,,canonical,none,,[],,[],none
FailureSeverityCost:entity:semantic:canonical:none:none,manufacturing_graph_node/FailureSeverityCost:entity:semantic:canonical:none:none,,,,,FailureSeverityCost,classification,,Failure severity based on repair/replacement cost,finance,,semantic,concept,,canonical,none,,[],,[],none
FailureSeverityProduction:entity:semantic:canonical:none:none,manufacturing_graph_node/FailureSeverityProduction:entity:semantic:canonical:none:none,,,,,FailureSeverityProduction,classification,,Failure severity based on production impact,operations,,semantic,concept,,canonical,none,,[],,[],none
FailureSeveritySafety:entity:semantic:canonical:none:none,manufacturing_graph_node/FailureSeveritySafety:entity:semantic:canonical:none:none,,,,,FailureSeveritySafety,classification,,Failure severity based on safety implications,compliance,,semantic,concept,,canonical,none,,[],,[],none
LeadTime:entity:semantic:canonical:none:none,manufacturing_graph_node/LeadTime:entity:semantic:canonical:none:none,,,,,LeadTime,metric,,Elapsed time from placing a replenishment order to receiving the stock (in days),operations,,semantic,concept,,canonical,none,,"[""replenishment lead time"",""procurement lead time"",""supplier lead time""]",,"[""mrp"",""inventory"",""planning""]",none
LeadTimeDemand:entity:semantic:canonical:none:none,manufacturing_graph_node/LeadTimeDemand:entity:semantic:canonical:none:none,,,,,LeadTimeDemand,metric,,Expected demand for a part over its replenishment lead time (average daily demand x lead time),operations,,semantic,concept,,canonical,none,,"[""demand during lead time"",""DLT""]",,"[""mrp"",""inventory"",""demand""]",none
MaximumStockQuantity:entity:semantic:canonical:none:none,manufacturing_graph_node/MaximumStockQuantity:entity:semantic:canonical:none:none,,,,,MaximumStockQuantity,metric,,Highest stock level a part is replenished up to (max in a min/max policy),operations,,semantic,concept,,canonical,none,,"[""max stock"",""maximum level"",""max""]",,"[""mrp"",""inventory"",""min-max""]",none
MinimumStockQuantity:entity:semantic:canonical:none:none,manufacturing_graph_node/MinimumStockQuantity:entity:semantic:canonical:none:none,,,,,MinimumStockQuantity,metric,,Lowest stock level allowed before replenishment is required (min in a min/max policy),operations,,semantic,concept,,canonical,none,,"[""min stock"",""minimum level"",""min""]",,"[""mrp"",""inventory"",""min-max""]",none
NCMDispositionFinance:entity:semantic:canonical:none:none,manufacturing_graph_node/NCMDispositionFinance:entity:semantic:canonical:none:none,,,,,NCMDispositionFinance,outcome,,NCM disposition from cost recovery standpoint,finance,,semantic,concept,,canonical,none,,[],,[],none
NCMDispositionQuality:entity:semantic:canonical:none:none,manufacturing_graph_node/NCMDispositionQuality:entity:semantic:canonical:none:none,,,,,NCMDispositionQuality,outcome,,NCM disposition from quality standpoint,quality,,semantic,concept,,canonical,none,,[],,[],none
OEEOperational:entity:semantic:canonical:none:none,manufacturing_graph_node/OEEOperational:entity:semantic:canonical:none:none,,,,"SUM({act_run_hrs}) / NULLIF(SUM({run_hrs}), 0)",OEEOperational,metric,,OEE for shift/line performance tracking,operations,,semantic,concept,,canonical,none,,[],,[],none
OEEStrategic:entity:semantic:canonical:none:none,manufacturing_graph_node/OEEStrategic:entity:semantic:canonical:none:none,,,,"SUM({act_atl_lab_cost} + {act_atl_bur_cost}) / NULLIF(SUM({act_run_hrs}), 0)",OEEStrategic,metric,,OEE for capital investment decisions,finance,,semantic,concept,,canonical,none,,[],,[],none
OnHandQuantity:entity:semantic:canonical:none:none,manufacturing_graph_node/OnHandQuantity:entity:semantic:canonical:none:none,,,,,OnHandQuantity,metric,,Physical quantity of a part currently in stock (book inventory on hand),operations,,semantic,concept,,canonical,none,,"[""on hand"",""QOH"",""quantity on hand"",""stock on hand""]",,"[""mrp"",""inventory"",""stock""]",none
OperationExecutionState:entity:semantic:canonical:none:none,manufacturing_graph_node/OperationExecutionState:entity:semantic:canonical:none:none,,,,,OperationExecutionState,state,,Execution state of a routing operation (queued -> started -> complete),operations,,semantic,concept,,canonical,none,,[],,[],none
OrderAccountingState:entity:semantic:canonical:none:none,manufacturing_graph_node/OrderAccountingState:entity:semantic:canonical:none:none,,,,,OrderAccountingState,state,,Order status from revenue recognition perspective,finance,,semantic,concept,,canonical,none,,[],,[],none
OrderCustomerState:entity:semantic:canonical:none:none,manufacturing_graph_node/OrderCustomerState:entity:semantic:canonical:none:none,,,,,OrderCustomerState,state,,Order status as visible to customer,customer,,semantic,concept,,canonical,none,,[],,[],none
OrderLifecycleState:entity:semantic:canonical:none:none,manufacturing_graph_node/OrderLifecycleState:entity:semantic:canonical:none:none,,,,,OrderLifecycleState,state,,Order status representing lifecycle stage in fulfillment,operations,,semantic,concept,,canonical,none,,[],,[],none
PartSourcingClass:entity:semantic:canonical:none:none,manufacturing_graph_node/PartSourcingClass:entity:semantic:canonical:none:none,,,,,PartSourcingClass,classification,,How a part is sourced: engineered/made vs bought vs raw vs hardware vs outside service (engineering make/buy intent),operations,,semantic,concept,,canonical,none,,[],,[],none
PurchaseOrderLifecycleState:entity:semantic:canonical:none:none,manufacturing_graph_node/PurchaseOrderLifecycleState:entity:semantic:canonical:none:none,,,,,PurchaseOrderLifecycleState,state,,Lifecycle state of a purchase order (open -> approved -> received -> closed),procurement,,semantic,concept,,canonical,none,,[],,[],none
QuantityBasisEngineering:entity:semantic:canonical:none:none,manufacturing_graph_node/QuantityBasisEngineering:entity:semantic:canonical:none:none,,,,,QuantityBasisEngineering,metric,,"Quantity read through the engineering lens: a per-unit, as-designed requirement basis (engineering normalizes material needs to a single unit)",operations,,semantic,concept,,canonical,none,,[],,[],none
QuantityBasisManufacturing:entity:semantic:canonical:none:none,manufacturing_graph_node/QuantityBasisManufacturing:entity:semantic:canonical:none:none,,,,,QuantityBasisManufacturing,metric,,Quantity read through the manufacturing lens: a production batch / lot size to build or fulfill (qty > 1),operations,,semantic,concept,,canonical,none,,[],,[],none
ReceivingInspectionState:entity:semantic:canonical:none:none,manufacturing_graph_node/ReceivingInspectionState:entity:semantic:canonical:none:none,,,,,ReceivingInspectionState,state,,Inspection disposition of a received shipment (pending -> pass / fail),quality,,semantic,concept,,canonical,none,,[],,[],none
ReorderPoint:entity:semantic:canonical:none:none,manufacturing_graph_node/ReorderPoint:entity:semantic:canonical:none:none,,,,,ReorderPoint,metric,,Inventory level at which a replenishment order is triggered (lead-time demand + safety stock),operations,,semantic,concept,,canonical,none,,"[""ROP"",""reorder level"",""order point""]",,"[""mrp"",""inventory"",""replenishment""]",none
RequirementBasisEngineering:entity:semantic:canonical:none:none,manufacturing_graph_node/RequirementBasisEngineering:entity:semantic:canonical:none:none,,,,,RequirementBasisEngineering,classification,,Requirement read through the engineering lens: an as-designed routing standard on a PART component (per-unit basis); component_type='PART',operations,,semantic,concept,,canonical,none,,[],,[],none
RequirementBasisManufacturing:entity:semantic:canonical:none:none,manufacturing_graph_node/RequirementBasisManufacturing:entity:semantic:canonical:none:none,,,,,RequirementBasisManufacturing,classification,,Requirement read through the manufacturing lens: as-built actuals on a WORK_ORDER component (batch basis); component_type='WORK_ORDER',operations,,semantic,concept,,canonical,none,,[],,[],none
SafetyStock:entity:semantic:canonical:none:none,manufacturing_graph_node/SafetyStock:entity:semantic:canonical:none:none,,,,,SafetyStock,metric,,Buffer inventory held to absorb demand and lead-time variability and prevent stockouts,operations,,semantic,concept,,canonical,none,,"[""buffer stock"",""safety inventory""]",,"[""mrp"",""inventory"",""buffer""]",none
StockMovementDirection:entity:semantic:canonical:none:none,manufacturing_graph_node/StockMovementDirection:entity:semantic:canonical:none:none,,,,,StockMovementDirection,classification,,Direction of an inventory transaction: stock receipt (in) vs issue (out),operations,,semantic,concept,,canonical,none,,[],,[],none
ThreeWayMatchState:entity:semantic:canonical:none:none,manufacturing_graph_node/ThreeWayMatchState:entity:semantic:canonical:none:none,,,,,ThreeWayMatchState,state,,PO/receipt/invoice three-way match status used to validate AP invoices,finance,,semantic,concept,,canonical,none,,[],,[],none
WarehouseLocation:entity:semantic:canonical:none:none,manufacturing_graph_node/WarehouseLocation:entity:semantic:canonical:none:none,,,,,WarehouseLocation,classification,,Warehouse/site a stock move is distributed to (inventory traced by move),operations,,semantic,concept,,canonical,none,,[],,[],none
WorkOrderLifecycleState:entity:semantic:canonical:none:none,manufacturing_graph_node/WorkOrderLifecycleState:entity:semantic:canonical:none:none,,,,,WorkOrderLifecycleState,state,,Work order lifecycle stage on the shop floor (Open->Released->In Process->Complete->Closed),operations,,semantic,concept,,canonical,none,,[],,[],none
certification:cert_id:structural:system:none:none,manufacturing_graph_node/certification:cert_id:structural:system:none:none,cert_id,,INTEGER,,,,,,,false,structural,column,false,system,none,true,,certification,,none
certification:cert_type:structural:system:none:none,manufacturing_graph_node/certification:cert_type:structural:system:none:none,cert_type,,TEXT,,,,,,,false,structural,column,true,system,none,false,,certification,,none
certification:created_at:structural:system:none:none,manufacturing_graph_node/certification:created_at:structural:system:none:none,created_at,,DATETIME,,,,CURRENT_TIMESTAMP,,,false,structural,column,false,system,none,false,,certification,,none
certification:entity:structural:system:none:none,manufacturing_graph_node/certification:entity:structural:system:none:none,,entity,,,,,,"Supplier certification records (CoC, FAI, PPAP, 8130-3, Material Test Report)",,,structural,table,,system,none,,,certification,,none
certification:expiry_date:structural:system:none:none,manufacturing_graph_node/certification:expiry_date:structural:system:none:none,expiry_date,,DATE,,,,,,,false,structural,column,false,system,none,false,,certification,,none
certification:issued_date:structural:system:none:none,manufacturing_graph_node/certification:issued_date:structural:system:none:none,issued_date,,DATE,,,,,,,false,structural,column,true,system,none,false,,certification,,none
certification:part_id:structural:system:none:none,manufacturing_graph_node/certification:part_id:structural:system:none:none,part_id,,TEXT,,,,,,,true,structural,column,true,system,none,false,,certification,,none
certification:receipt_id:structural:system:none:none,manufacturing_graph_node/certification:receipt_id:structural:system:none:none,receipt_id,,INTEGER,,,,,,,true,structural,column,false,system,none,false,,certification,,none
certification:status:structural:system:none:none,manufacturing_graph_node/certification:status:structural:system:none:none,status,,TEXT,,,,'Active',,,false,structural,column,false,system,none,false,,certification,,none
certification:supplier_id:structural:system:none:none,manufacturing_graph_node/certification:supplier_id:structural:system:none:none,supplier_id,,TEXT,,,,,,,false,structural,column,true,system,none,false,,certification,,none
customer_order:created_at:structural:system:none:none,manufacturing_graph_node/customer_order:created_at:structural:system:none:none,created_at,,DATETIME,,,,CURRENT_TIMESTAMP,,,false,structural,column,false,system,none,false,,customer_order,,none
customer_order:customer_name:structural:system:none:none,manufacturing_graph_node/customer_order:customer_name:structural:system:none:none,customer_name,,TEXT,,,,,,,false,structural,column,true,system,none,false,,customer_order,,none
customer_order:entity:structural:system:none:none,manufacturing_graph_node/customer_order:entity:structural:system:none:none,,entity,,,,,,Customer order header — demand-side sales orders with site and status,,,structural,table,,system,none,,,customer_order,,none
customer_order:order_date:structural:system:none:none,manufacturing_graph_node/customer_order:order_date:structural:system:none:none,order_date,,DATE,,,,,,,false,structural,column,true,system,none,false,,customer_order,,none
customer_order:order_id:structural:system:none:none,manufacturing_graph_node/customer_order:order_id:structural:system:none:none,order_id,,TEXT,,,,,,,false,structural,column,false,system,none,true,,customer_order,,none
customer_order:site_id:structural:system:none:none,manufacturing_graph_node/customer_order:site_id:structural:system:none:none,site_id,,TEXT,,,,,,,true,structural,column,false,system,none,false,,customer_order,,none
customer_order:status:structural:system:none:none,manufacturing_graph_node/customer_order:status:structural:system:none:none,status,,TEXT,,,,'Open',,,false,structural,column,false,system,none,false,,customer_order,,none
customer_order_line:created_at:structural:system:none:none,manufacturing_graph_node/customer_order_line:created_at:structural:system:none:none,created_at,,DATETIME,,,,CURRENT_TIMESTAMP,,,false,structural,column,false,system,none,false,,customer_order_line,,none
customer_order_line:desired_release_date:structural:system:none:none,manufacturing_graph_node/customer_order_line:desired_release_date:structural:system:none:none,desired_release_date,,DATE,,,,,,,false,structural,column,false,system,none,false,,customer_order_line,,none
customer_order_line:entity:structural:system:none:none,manufacturing_graph_node/customer_order_line:entity:structural:system:none:none,,entity,,,,,,"Customer order line items — part, quantity, unit price per order",,,structural,table,,system,none,,,customer_order_line,,none
customer_order_line:line_no:structural:system:none:none,manufacturing_graph_node/customer_order_line:line_no:structural:system:none:none,line_no,,INTEGER,,,,,,,false,structural,column,true,system,none,false,,customer_order_line,,none
customer_order_line:need_by_date:structural:system:none:none,manufacturing_graph_node/customer_order_line:need_by_date:structural:system:none:none,need_by_date,,DATE,,,,,,,false,structural,column,false,system,none,false,,customer_order_line,,none
customer_order_line:order_id:structural:system:none:none,manufacturing_graph_node/customer_order_line:order_id:structural:system:none:none,order_id,,TEXT,,,,,,,true,structural,column,true,system,none,false,,customer_order_line,,none
customer_order_line:order_line_id:structural:system:none:none,manufacturing_graph_node/customer_order_line:order_line_id:structural:system:none:none,order_line_id,,INTEGER,,,,,,,false,structural,column,false,system,none,true,,customer_order_line,,none
customer_order_line:order_qty:structural:system:none:none,manufacturing_graph_node/customer_order_line:order_qty:structural:system:none:none,order_qty,,REAL,,,,,,,false,structural,column,true,system,none,false,,customer_order_line,,none
customer_order_line:part_id:structural:system:none:none,manufacturing_graph_node/customer_order_line:part_id:structural:system:none:none,part_id,,TEXT,,,,,,,true,structural,column,true,system,none,false,,customer_order_line,,none
customer_order_line:site_id:structural:system:none:none,manufacturing_graph_node/customer_order_line:site_id:structural:system:none:none,site_id,,TEXT,,,,,,,true,structural,column,false,system,none,false,,customer_order_line,,none
customer_order_line:unit_price:structural:system:none:none,manufacturing_graph_node/customer_order_line:unit_price:structural:system:none:none,unit_price,,REAL,,,,0,,,false,structural,column,false,system,none,false,,customer_order_line,,none
inv_trans_dist:created_at:structural:system:none:none,manufacturing_graph_node/inv_trans_dist:created_at:structural:system:none:none,created_at,,DATETIME,,,,CURRENT_TIMESTAMP,,,false,structural,column,false,system,none,false,,inv_trans_dist,,none
inv_trans_dist:dist_id:structural:system:none:none,manufacturing_graph_node/inv_trans_dist:dist_id:structural:system:none:none,dist_id,,INTEGER,,,,,,,false,structural,column,false,system,none,true,,inv_trans_dist,,none
inv_trans_dist:dist_qty:structural:system:none:none,manufacturing_graph_node/inv_trans_dist:dist_qty:structural:system:none:none,dist_qty,,REAL,,,,,,,false,structural,column,true,system,none,false,,inv_trans_dist,,none
inv_trans_dist:entity:structural:system:none:none,manufacturing_graph_node/inv_trans_dist:entity:structural:system:none:none,,entity,,,,,,Inventory transaction distribution — links an IN movement to an OUT movement (lot genealogy),,,structural,table,,system,none,,,inv_trans_dist,,none
inv_trans_dist:in_trans_id:structural:system:none:none,manufacturing_graph_node/inv_trans_dist:in_trans_id:structural:system:none:none,in_trans_id,,INTEGER,,,,,,,true,structural,column,true,system,none,false,,inv_trans_dist,,none
inv_trans_dist:out_trans_id:structural:system:none:none,manufacturing_graph_node/inv_trans_dist:out_trans_id:structural:system:none:none,out_trans_id,,INTEGER,,,,,,,true,structural,column,true,system,none,false,,inv_trans_dist,,none
inventory_transaction:class:structural:system:none:none,manufacturing_graph_node/inventory_transaction:class:structural:system:none:none,class,,TEXT,,,,,,,false,structural,column,true,system,none,false,,inventory_transaction,,none
inventory_transaction:created_at:structural:system:none:none,manufacturing_graph_node/inventory_transaction:created_at:structural:system:none:none,created_at,,DATETIME,,,,CURRENT_TIMESTAMP,,,false,structural,column,false,system,none,false,,inventory_transaction,,none
inventory_transaction:entity:structural:system:none:none,manufacturing_graph_node/inventory_transaction:entity:structural:system:none:none,,entity,,,,,,"Inventory movement ledger (CLASS R/A/I x TYPE I/O) — receipts, issues, adjustments",,,structural,table,,system,none,,,inventory_transaction,,none
inventory_transaction:part_id:structural:system:none:none,manufacturing_graph_node/inventory_transaction:part_id:structural:system:none:none,part_id,,TEXT,,,,,,,true,structural,column,true,system,none,false,,inventory_transaction,,none
inventory_transaction:po_id:structural:system:none:none,manufacturing_graph_node/inventory_transaction:po_id:structural:system:none:none,po_id,,TEXT,,,,,,,true,structural,column,false,system,none,false,,inventory_transaction,,none
inventory_transaction:quantity:structural:system:none:none,manufacturing_graph_node/inventory_transaction:quantity:structural:system:none:none,quantity,,REAL,,,,,,,false,structural,column,true,system,none,false,,inventory_transaction,,none
inventory_transaction:site_id:structural:system:none:none,manufacturing_graph_node/inventory_transaction:site_id:structural:system:none:none,site_id,,TEXT,,,,,,,true,structural,column,false,system,none,false,,inventory_transaction,,none
inventory_transaction:trans_date:structural:system:none:none,manufacturing_graph_node/inventory_transaction:trans_date:structural:system:none:none,trans_date,,DATE,,,,,,,false,structural,column,true,system,none,false,,inventory_transaction,,none
inventory_transaction:transaction_id:structural:system:none:none,manufacturing_graph_node/inventory_transaction:transaction_id:structural:system:none:none,transaction_id,,INTEGER,,,,,,,false,structural,column,false,system,none,true,,inventory_transaction,,none
inventory_transaction:type:structural:system:none:none,manufacturing_graph_node/inventory_transaction:type:structural:system:none:none,type,,TEXT,,,,,,,false,structural,column,true,system,none,false,,inventory_transaction,,none
inventory_transaction:wo_id:structural:system:none:none,manufacturing_graph_node/inventory_transaction:wo_id:structural:system:none:none,wo_id,,TEXT,,,,,,,true,structural,column,false,system,none,false,,inventory_transaction,,none
invoice_header:amount_dollars:structural:system:none:none,manufacturing_graph_node/invoice_header:amount_dollars:structural:system:none:none,amount_dollars,,REAL,,,,,,,false,structural,column,true,system,none,false,,invoice_header,,none
invoice_header:created_at:structural:system:none:none,manufacturing_graph_node/invoice_header:created_at:structural:system:none:none,created_at,,DATETIME,,,,CURRENT_TIMESTAMP,,,false,structural,column,false,system,none,false,,invoice_header,,none
invoice_header:due_date:structural:system:none:none,manufacturing_graph_node/invoice_header:due_date:structural:system:none:none,due_date,,DATE,,,,,,,false,structural,column,true,system,none,false,,invoice_header,,none
invoice_header:entity:structural:system:none:none,manufacturing_graph_node/invoice_header:entity:structural:system:none:none,,entity,,,,,,AP invoice headers linked to purchase orders — three-way match and payment status,,,structural,table,,system,none,,,invoice_header,,none
invoice_header:invoice_date:structural:system:none:none,manufacturing_graph_node/invoice_header:invoice_date:structural:system:none:none,invoice_date,,DATE,,,,,,,false,structural,column,true,system,none,false,,invoice_header,,none
invoice_header:invoice_id:structural:system:none:none,manufacturing_graph_node/invoice_header:invoice_id:structural:system:none:none,invoice_id,,INTEGER,,,,,,,false,structural,column,false,system,none,true,,invoice_header,,none
invoice_header:invoice_number:structural:system:none:none,manufacturing_graph_node/invoice_header:invoice_number:structural:system:none:none,invoice_number,,TEXT,,,,,,,false,structural,column,true,system,none,false,,invoice_header,,none
invoice_header:payment_date:structural:system:none:none,manufacturing_graph_node/invoice_header:payment_date:structural:system:none:none,payment_date,,DATE,,,,,,,false,structural,column,false,system,none,false,,invoice_header,,none
invoice_header:po_id:structural:system:none:none,manufacturing_graph_node/invoice_header:po_id:structural:system:none:none,po_id,,TEXT,,,,,,,true,structural,column,true,system,none,false,,invoice_header,,none
invoice_header:status:structural:system:none:none,manufacturing_graph_node/invoice_header:status:structural:system:none:none,status,,TEXT,,,,'Open',,,false,structural,column,true,system,none,false,,invoice_header,,none
invoice_header:supplier_id:structural:system:none:none,manufacturing_graph_node/invoice_header:supplier_id:structural:system:none:none,supplier_id,,TEXT,,,,,,,true,structural,column,true,system,none,false,,invoice_header,,none
invoice_header:three_way_match_status:structural:system:none:none,manufacturing_graph_node/invoice_header:three_way_match_status:structural:system:none:none,three_way_match_status,,TEXT,,,,'Pending',,,false,structural,column,false,system,none,false,,invoice_header,,none
labor_ticket:burden_cost:structural:system:none:none,manufacturing_graph_node/labor_ticket:burden_cost:structural:system:none:none,burden_cost,,REAL,,,,,,,false,structural,column,true,system,none,false,,labor_ticket,,none
labor_ticket:clock_in:structural:system:none:none,manufacturing_graph_node/labor_ticket:clock_in:structural:system:none:none,clock_in,,DATETIME,,,,,,,false,structural,column,true,system,none,false,,labor_ticket,,none
labor_ticket:clock_out:structural:system:none:none,manufacturing_graph_node/labor_ticket:clock_out:structural:system:none:none,clock_out,,DATETIME,,,,,,,false,structural,column,true,system,none,false,,labor_ticket,,none
labor_ticket:created_at:structural:system:none:none,manufacturing_graph_node/labor_ticket:created_at:structural:system:none:none,created_at,,DATETIME,,,,CURRENT_TIMESTAMP,,,false,structural,column,false,system,none,false,,labor_ticket,,none
labor_ticket:employee_id:structural:system:none:none,manufacturing_graph_node/labor_ticket:employee_id:structural:system:none:none,employee_id,,TEXT,,,,,,,false,structural,column,true,system,none,false,,labor_ticket,,none
labor_ticket:entity:structural:system:none:none,manufacturing_graph_node/labor_ticket:entity:structural:system:none:none,,entity,,,,,,"Labor time postings against work order operations (clock-in/out, hours, cost)",,,structural,table,,system,none,,,labor_ticket,,none
labor_ticket:labor_cost:structural:system:none:none,manufacturing_graph_node/labor_ticket:labor_cost:structural:system:none:none,labor_cost,,REAL,,,,,,,false,structural,column,true,system,none,false,,labor_ticket,,none
labor_ticket:resource_id:structural:system:none:none,manufacturing_graph_node/labor_ticket:resource_id:structural:system:none:none,resource_id,,TEXT,,,,,,,false,structural,column,true,system,none,false,,labor_ticket,,none
labor_ticket:sequence_no:structural:system:none:none,manufacturing_graph_node/labor_ticket:sequence_no:structural:system:none:none,sequence_no,,INTEGER,,,,,,,false,structural,column,true,system,none,false,,labor_ticket,,none
labor_ticket:ticket_id:structural:system:none:none,manufacturing_graph_node/labor_ticket:ticket_id:structural:system:none:none,ticket_id,,INTEGER,,,,,,,false,structural,column,false,system,none,true,,labor_ticket,,none
labor_ticket:total_hours:structural:system:none:none,manufacturing_graph_node/labor_ticket:total_hours:structural:system:none:none,total_hours,,REAL,,,,,,,false,structural,column,true,system,none,false,,labor_ticket,,none
labor_ticket:wo_id:structural:system:none:none,manufacturing_graph_node/labor_ticket:wo_id:structural:system:none:none,wo_id,,TEXT,,,,,,,true,structural,column,true,system,none,false,,labor_ticket,,none
material_issue:created_at:structural:system:none:none,manufacturing_graph_node/material_issue:created_at:structural:system:none:none,created_at,,DATETIME,,,,CURRENT_TIMESTAMP,,,false,structural,column,false,system,none,false,,material_issue,,none
material_issue:entity:structural:system:none:none,manufacturing_graph_node/material_issue:entity:structural:system:none:none,,entity,,,,,,"Raw material issues from stock to WIP work orders (quantity, unit cost, total cost)",,,structural,table,,system,none,,,material_issue,,none
material_issue:issue_date:structural:system:none:none,manufacturing_graph_node/material_issue:issue_date:structural:system:none:none,issue_date,,DATE,,,,,,,false,structural,column,true,system,none,false,,material_issue,,none
material_issue:issue_id:structural:system:none:none,manufacturing_graph_node/material_issue:issue_id:structural:system:none:none,issue_id,,INTEGER,,,,,,,false,structural,column,false,system,none,true,,material_issue,,none
material_issue:issued_by:structural:system:none:none,manufacturing_graph_node/material_issue:issued_by:structural:system:none:none,issued_by,,TEXT,,,,,,,false,structural,column,true,system,none,false,,material_issue,,none
material_issue:part_description:structural:system:none:none,manufacturing_graph_node/material_issue:part_description:structural:system:none:none,part_description,,TEXT,,,,,,,false,structural,column,true,system,none,false,,material_issue,,none
material_issue:part_id:structural:system:none:none,manufacturing_graph_node/material_issue:part_id:structural:system:none:none,part_id,,TEXT,,,,,,,true,structural,column,true,system,none,false,,material_issue,,none
material_issue:quantity:structural:system:none:none,manufacturing_graph_node/material_issue:quantity:structural:system:none:none,quantity,,REAL,,,,,,,false,structural,column,true,system,none,false,,material_issue,,none
material_issue:total_cost:structural:system:none:none,manufacturing_graph_node/material_issue:total_cost:structural:system:none:none,total_cost,,REAL,,,,,,,false,structural,column,true,system,none,false,,material_issue,,none
material_issue:unit_cost:structural:system:none:none,manufacturing_graph_node/material_issue:unit_cost:structural:system:none:none,unit_cost,,REAL,,,,,,,false,structural,column,true,system,none,false,,material_issue,,none
material_issue:wo_id:structural:system:none:none,manufacturing_graph_node/material_issue:wo_id:structural:system:none:none,wo_id,,TEXT,,,,,,,true,structural,column,true,system,none,false,,material_issue,,none
operation:act_atl_bur_cost:structural:system:none:none,manufacturing_graph_node/operation:act_atl_bur_cost:structural:system:none:none,act_atl_bur_cost,,REAL,,,,0.0,,,false,structural,column,false,system,none,false,,operation,,none
operation:act_atl_lab_cost:structural:system:none:none,manufacturing_graph_node/operation:act_atl_lab_cost:structural:system:none:none,act_atl_lab_cost,,REAL,,,,0.0,,,false,structural,column,false,system,none,false,,operation,,none
operation:act_atl_ser_cost:structural:system:none:none,manufacturing_graph_node/operation:act_atl_ser_cost:structural:system:none:none,act_atl_ser_cost,,REAL,,,,0.0,,,false,structural,column,false,system,none,false,,operation,,none
operation:act_run_hrs:structural:system:none:none,manufacturing_graph_node/operation:act_run_hrs:structural:system:none:none,act_run_hrs,,REAL,,,,0.0,,,false,structural,column,false,system,none,false,,operation,,none
operation:act_setup_hrs:structural:system:none:none,manufacturing_graph_node/operation:act_setup_hrs:structural:system:none:none,act_setup_hrs,,REAL,,,,0.0,,,false,structural,column,false,system,none,false,,operation,,none
operation:close_date:structural:system:none:none,manufacturing_graph_node/operation:close_date:structural:system:none:none,close_date,,DATETIME,,,,,,,false,structural,column,false,system,none,false,,operation,,none
operation:entity:structural:system:none:none,manufacturing_graph_node/operation:entity:structural:system:none:none,,entity,,,,,,"Work order routing steps — sequence, resource, estimated vs actual hours and costs",,,structural,table,,system,none,,,operation,,none
operation:est_atl_bur_cost:structural:system:none:none,manufacturing_graph_node/operation:est_atl_bur_cost:structural:system:none:none,est_atl_bur_cost,,REAL,,,,0.0,,,false,structural,column,false,system,none,false,,operation,,none
operation:est_atl_lab_cost:structural:system:none:none,manufacturing_graph_node/operation:est_atl_lab_cost:structural:system:none:none,est_atl_lab_cost,,REAL,,,,0.0,,,false,structural,column,false,system,none,false,,operation,,none
operation:est_atl_ser_cost:structural:system:none:none,manufacturing_graph_node/operation:est_atl_ser_cost:structural:system:none:none,est_atl_ser_cost,,REAL,,,,0.0,,,false,structural,column,false,system,none,false,,operation,,none
operation:last_disp_date:structural:system:none:none,manufacturing_graph_node/operation:last_disp_date:structural:system:none:none,last_disp_date,,DATETIME,,,,,,,false,structural,column,false,system,none,false,,operation,,none
operation:last_recv_date:structural:system:none:none,manufacturing_graph_node/operation:last_recv_date:structural:system:none:none,last_recv_date,,DATETIME,,,,,,,false,structural,column,false,system,none,false,,operation,,none
operation:operation_type_id:structural:system:none:none,manufacturing_graph_node/operation:operation_type_id:structural:system:none:none,operation_type_id,,TEXT,,,,,,,false,structural,column,false,system,none,false,,operation,,none
operation:resource_id:structural:system:none:none,manufacturing_graph_node/operation:resource_id:structural:system:none:none,resource_id,,TEXT,,,,,,,true,structural,column,true,system,none,false,,operation,,none
operation:rowid_pk:structural:system:none:none,manufacturing_graph_node/operation:rowid_pk:structural:system:none:none,rowid_pk,,INTEGER,,,,,,,false,structural,column,false,system,none,true,,operation,,none
operation:run_hrs:structural:system:none:none,manufacturing_graph_node/operation:run_hrs:structural:system:none:none,run_hrs,,REAL,,,,0.0,,,false,structural,column,false,system,none,false,,operation,,none
operation:run_type:structural:system:none:none,manufacturing_graph_node/operation:run_type:structural:system:none:none,run_type,,TEXT,,,,'HR',,,false,structural,column,false,system,none,false,,operation,,none
operation:sched_finish_date:structural:system:none:none,manufacturing_graph_node/operation:sched_finish_date:structural:system:none:none,sched_finish_date,,DATETIME,,,,,,,false,structural,column,false,system,none,false,,operation,,none
operation:sched_start_date:structural:system:none:none,manufacturing_graph_node/operation:sched_start_date:structural:system:none:none,sched_start_date,,DATETIME,,,,,,,false,structural,column,false,system,none,false,,operation,,none
operation:sequence_no:structural:system:none:none,manufacturing_graph_node/operation:sequence_no:structural:system:none:none,sequence_no,,INTEGER,,,,,,,false,structural,column,true,system,none,false,,operation,,none
operation:service_begin_date:structural:system:none:none,manufacturing_graph_node/operation:service_begin_date:structural:system:none:none,service_begin_date,,DATETIME,,,,,,,false,structural,column,false,system,none,false,,operation,,none
operation:service_id:structural:system:none:none,manufacturing_graph_node/operation:service_id:structural:system:none:none,service_id,,TEXT,,,,,,,true,structural,column,false,system,none,false,,operation,,none
operation:setup_hrs:structural:system:none:none,manufacturing_graph_node/operation:setup_hrs:structural:system:none:none,setup_hrs,,REAL,,,,0.0,,,false,structural,column,false,system,none,false,,operation,,none
operation:status:structural:system:none:none,manufacturing_graph_node/operation:status:structural:system:none:none,status,,TEXT,,,,'Q',,,false,structural,column,false,system,none,false,,operation,,none
operation:vendor_id:structural:system:none:none,manufacturing_graph_node/operation:vendor_id:structural:system:none:none,vendor_id,,TEXT,,,,,,,true,structural,column,false,system,none,false,,operation,,none
operation:wo_id:structural:system:none:none,manufacturing_graph_node/operation:wo_id:structural:system:none:none,wo_id,,TEXT,,,,,,,true,structural,column,true,system,none,false,,operation,,none
operation:workorder_type:structural:system:none:none,manufacturing_graph_node/operation:workorder_type:structural:system:none:none,workorder_type,,TEXT,,,,,,,false,structural,column,true,system,none,false,,operation,,none
part:active:structural:system:none:none,manufacturing_graph_node/part:active:structural:system:none:none,active,,INTEGER,,,,1,,,false,structural,column,false,system,none,false,,part,,none
part:cage_code:structural:system:none:none,manufacturing_graph_node/part:cage_code:structural:system:none:none,cage_code,,TEXT,,,,,,,false,structural,column,false,system,none,false,,part,,none
part:created_at:structural:system:none:none,manufacturing_graph_node/part:created_at:structural:system:none:none,created_at,,DATETIME,,,,CURRENT_TIMESTAMP,,,false,structural,column,false,system,none,false,,part,,none
part:drawing_number:structural:system:none:none,manufacturing_graph_node/part:drawing_number:structural:system:none:none,drawing_number,,TEXT,,,,,,,false,structural,column,false,system,none,false,,part,,none
part:entity:structural:system:none:none,manufacturing_graph_node/part:entity:structural:system:none:none,,entity,,,,,,"Part / item master — description, class, UOM, cost, revision, material spec, CAGE code",,,structural,table,,system,none,,,part,,none
part:lead_time_days:structural:system:none:none,manufacturing_graph_node/part:lead_time_days:structural:system:none:none,lead_time_days,,INTEGER,,,,0,,,false,structural,column,false,system,none,false,,part,,none
part:material_spec:structural:system:none:none,manufacturing_graph_node/part:material_spec:structural:system:none:none,material_spec,,TEXT,,,,,,,false,structural,column,false,system,none,false,,part,,none
part:on_hand_qty:structural:system:none:none,manufacturing_graph_node/part:on_hand_qty:structural:system:none:none,on_hand_qty,,REAL,,,,0.0,,,false,structural,column,false,system,none,false,,part,,none
part:part_class:structural:system:none:none,manufacturing_graph_node/part:part_class:structural:system:none:none,part_class,,TEXT,,,,,,,false,structural,column,true,system,none,false,,part,,none
part:part_description:structural:system:none:none,manufacturing_graph_node/part:part_description:structural:system:none:none,part_description,,TEXT,,,,,,,false,structural,column,true,system,none,false,,part,,none
part:part_id:structural:system:none:none,manufacturing_graph_node/part:part_id:structural:system:none:none,part_id,,TEXT,,,,,,,false,structural,column,false,system,none,true,,part,,none
part:planner_code:structural:system:none:none,manufacturing_graph_node/part:planner_code:structural:system:none:none,planner_code,,TEXT,,,,'ENGINEERING',,,false,structural,column,false,system,none,false,,part,,none
part:reorder_point:structural:system:none:none,manufacturing_graph_node/part:reorder_point:structural:system:none:none,reorder_point,,REAL,,,,0.0,,,false,structural,column,false,system,none,false,,part,,none
part:revision:structural:system:none:none,manufacturing_graph_node/part:revision:structural:system:none:none,revision,,TEXT,,,,'A',,,false,structural,column,false,system,none,false,,part,,none
part:unit_cost:structural:system:none:none,manufacturing_graph_node/part:unit_cost:structural:system:none:none,unit_cost,,REAL,,,,0.0,,,false,structural,column,false,system,none,false,,part,,none
part:unit_of_measure:structural:system:none:none,manufacturing_graph_node/part:unit_of_measure:structural:system:none:none,unit_of_measure,,TEXT,,,,'EA',,,false,structural,column,true,system,none,false,,part,,none
payable_line:amount:structural:system:none:none,manufacturing_graph_node/payable_line:amount:structural:system:none:none,amount,,REAL,,,,,,,false,structural,column,true,system,none,false,,payable_line,,none
payable_line:created_at:structural:system:none:none,manufacturing_graph_node/payable_line:created_at:structural:system:none:none,created_at,,DATETIME,,,,CURRENT_TIMESTAMP,,,false,structural,column,false,system,none,false,,payable_line,,none
payable_line:entity:structural:system:none:none,manufacturing_graph_node/payable_line:entity:structural:system:none:none,,entity,,,,,,"AP payable line detail extending invoice_header — part, PO, quantity, amount",,,structural,table,,system,none,,,payable_line,,none
payable_line:invoice_id:structural:system:none:none,manufacturing_graph_node/payable_line:invoice_id:structural:system:none:none,invoice_id,,INTEGER,,,,,,,true,structural,column,true,system,none,false,,payable_line,,none
payable_line:line_no:structural:system:none:none,manufacturing_graph_node/payable_line:line_no:structural:system:none:none,line_no,,INTEGER,,,,,,,false,structural,column,true,system,none,false,,payable_line,,none
payable_line:part_id:structural:system:none:none,manufacturing_graph_node/payable_line:part_id:structural:system:none:none,part_id,,TEXT,,,,,,,true,structural,column,false,system,none,false,,payable_line,,none
payable_line:payable_line_id:structural:system:none:none,manufacturing_graph_node/payable_line:payable_line_id:structural:system:none:none,payable_line_id,,INTEGER,,,,,,,false,structural,column,false,system,none,true,,payable_line,,none
payable_line:po_id:structural:system:none:none,manufacturing_graph_node/payable_line:po_id:structural:system:none:none,po_id,,TEXT,,,,,,,true,structural,column,false,system,none,false,,payable_line,,none
payable_line:qty:structural:system:none:none,manufacturing_graph_node/payable_line:qty:structural:system:none:none,qty,,REAL,,,,,,,false,structural,column,false,system,none,false,,payable_line,,none
po_line:created_at:structural:system:none:none,manufacturing_graph_node/po_line:created_at:structural:system:none:none,created_at,,DATETIME,,,,CURRENT_TIMESTAMP,,,false,structural,column,false,system,none,false,,po_line,,none
po_line:entity:structural:system:none:none,manufacturing_graph_node/po_line:entity:structural:system:none:none,,entity,,,,,,"Purchase order line items (part, quantity, unit cost, line total)",,,structural,table,,system,none,,,po_line,,none
po_line:line_id:structural:system:none:none,manufacturing_graph_node/po_line:line_id:structural:system:none:none,line_id,,INTEGER,,,,,,,false,structural,column,false,system,none,true,,po_line,,none
po_line:line_total:structural:system:none:none,manufacturing_graph_node/po_line:line_total:structural:system:none:none,line_total,,REAL,,,,,,,false,structural,column,true,system,none,false,,po_line,,none
po_line:part_description:structural:system:none:none,manufacturing_graph_node/po_line:part_description:structural:system:none:none,part_description,,TEXT,,,,,,,false,structural,column,true,system,none,false,,po_line,,none
po_line:part_id:structural:system:none:none,manufacturing_graph_node/po_line:part_id:structural:system:none:none,part_id,,TEXT,,,,,,,true,structural,column,true,system,none,false,,po_line,,none
po_line:po_id:structural:system:none:none,manufacturing_graph_node/po_line:po_id:structural:system:none:none,po_id,,TEXT,,,,,,,true,structural,column,true,system,none,false,,po_line,,none
po_line:quantity:structural:system:none:none,manufacturing_graph_node/po_line:quantity:structural:system:none:none,quantity,,REAL,,,,,,,false,structural,column,true,system,none,false,,po_line,,none
po_line:unit_cost:structural:system:none:none,manufacturing_graph_node/po_line:unit_cost:structural:system:none:none,unit_cost,,REAL,,,,,,,false,structural,column,true,system,none,false,,po_line,,none
purchase_order:buyer_id:structural:system:none:none,manufacturing_graph_node/purchase_order:buyer_id:structural:system:none:none,buyer_id,,TEXT,,,,'BUYER-1',,,false,structural,column,false,system,none,false,,purchase_order,,none
purchase_order:created_at:structural:system:none:none,manufacturing_graph_node/purchase_order:created_at:structural:system:none:none,created_at,,DATETIME,,,,CURRENT_TIMESTAMP,,,false,structural,column,false,system,none,false,,purchase_order,,none
purchase_order:entity:structural:system:none:none,manufacturing_graph_node/purchase_order:entity:structural:system:none:none,,entity,,,,,,Purchase order headers for material and outside-service buys,,,structural,table,,system,none,,,purchase_order,,none
purchase_order:po_date:structural:system:none:none,manufacturing_graph_node/purchase_order:po_date:structural:system:none:none,po_date,,DATE,,,,,,,false,structural,column,true,system,none,false,,purchase_order,,none
purchase_order:po_id:structural:system:none:none,manufacturing_graph_node/purchase_order:po_id:structural:system:none:none,po_id,,TEXT,,,,,,,false,structural,column,false,system,none,true,,purchase_order,,none
purchase_order:po_type:structural:system:none:none,manufacturing_graph_node/purchase_order:po_type:structural:system:none:none,po_type,,TEXT,,,,,,,false,structural,column,true,system,none,false,,purchase_order,,none
purchase_order:required_date:structural:system:none:none,manufacturing_graph_node/purchase_order:required_date:structural:system:none:none,required_date,,DATE,,,,,,,false,structural,column,false,system,none,false,,purchase_order,,none
purchase_order:service_id:structural:system:none:none,manufacturing_graph_node/purchase_order:service_id:structural:system:none:none,service_id,,TEXT,,,,,,,false,structural,column,false,system,none,false,,purchase_order,,none
purchase_order:site_id:structural:system:none:none,manufacturing_graph_node/purchase_order:site_id:structural:system:none:none,site_id,,TEXT,,,,'SITE-1',,,false,structural,column,false,system,none,false,,purchase_order,,none
purchase_order:status:structural:system:none:none,manufacturing_graph_node/purchase_order:status:structural:system:none:none,status,,TEXT,,,,,,,false,structural,column,true,system,none,false,,purchase_order,,none
purchase_order:supplier_id:structural:system:none:none,manufacturing_graph_node/purchase_order:supplier_id:structural:system:none:none,supplier_id,,TEXT,,,,,,,true,structural,column,true,system,none,false,,purchase_order,,none
purchase_order:total_cost:structural:system:none:none,manufacturing_graph_node/purchase_order:total_cost:structural:system:none:none,total_cost,,REAL,,,,0.0,,,false,structural,column,false,system,none,false,,purchase_order,,none
purchase_order:wo_id:structural:system:none:none,manufacturing_graph_node/purchase_order:wo_id:structural:system:none:none,wo_id,,TEXT,,,,,,,true,structural,column,false,system,none,false,,purchase_order,,none
receiving:cert_required:structural:system:none:none,manufacturing_graph_node/receiving:cert_required:structural:system:none:none,cert_required,,INTEGER,,,,0,,,false,structural,column,false,system,none,false,,receiving,,none
receiving:created_at:structural:system:none:none,manufacturing_graph_node/receiving:created_at:structural:system:none:none,created_at,,DATETIME,,,,CURRENT_TIMESTAMP,,,false,structural,column,false,system,none,false,,receiving,,none
receiving:entity:structural:system:none:none,manufacturing_graph_node/receiving:entity:structural:system:none:none,,entity,,,,,,"Goods receipts against purchase orders — quantity ordered vs received, inspection status",,,structural,table,,system,none,,,receiving,,none
receiving:inspection_status:structural:system:none:none,manufacturing_graph_node/receiving:inspection_status:structural:system:none:none,inspection_status,,TEXT,,,,'Pending',,,false,structural,column,true,system,none,false,,receiving,,none
receiving:part_id:structural:system:none:none,manufacturing_graph_node/receiving:part_id:structural:system:none:none,part_id,,TEXT,,,,,,,true,structural,column,true,system,none,false,,receiving,,none
receiving:po_id:structural:system:none:none,manufacturing_graph_node/receiving:po_id:structural:system:none:none,po_id,,TEXT,,,,,,,true,structural,column,true,system,none,false,,receiving,,none
receiving:quantity_ordered:structural:system:none:none,manufacturing_graph_node/receiving:quantity_ordered:structural:system:none:none,quantity_ordered,,REAL,,,,,,,false,structural,column,true,system,none,false,,receiving,,none
receiving:quantity_received:structural:system:none:none,manufacturing_graph_node/receiving:quantity_received:structural:system:none:none,quantity_received,,REAL,,,,,,,false,structural,column,true,system,none,false,,receiving,,none
receiving:receipt_date:structural:system:none:none,manufacturing_graph_node/receiving:receipt_date:structural:system:none:none,receipt_date,,DATE,,,,,,,false,structural,column,true,system,none,false,,receiving,,none
receiving:receipt_id:structural:system:none:none,manufacturing_graph_node/receiving:receipt_id:structural:system:none:none,receipt_id,,INTEGER,,,,,,,false,structural,column,false,system,none,true,,receiving,,none
receiving:supplier_id:structural:system:none:none,manufacturing_graph_node/receiving:supplier_id:structural:system:none:none,supplier_id,,TEXT,,,,,,,true,structural,column,true,system,none,false,,receiving,,none
requirement:actual_qty:structural:system:none:none,manufacturing_graph_node/requirement:actual_qty:structural:system:none:none,actual_qty,,REAL,,,,0.0,,,false,structural,column,false,system,none,false,,requirement,,none
requirement:component_id:structural:system:none:none,manufacturing_graph_node/requirement:component_id:structural:system:none:none,component_id,,TEXT,,,,,,,false,structural,column,true,system,none,false,,requirement,,none
requirement:component_type:structural:system:none:none,manufacturing_graph_node/requirement:component_type:structural:system:none:none,component_type,,TEXT,,,,,,,false,structural,column,true,system,none,false,,requirement,,none
requirement:created_at:structural:system:none:none,manufacturing_graph_node/requirement:created_at:structural:system:none:none,created_at,,DATETIME,,,,CURRENT_TIMESTAMP,,,false,structural,column,false,system,none,false,,requirement,,none
requirement:entity:structural:system:none:none,manufacturing_graph_node/requirement:entity:structural:system:none:none,,entity,,,,,,"Resource requirements (labor / material / burden) per routing operation; component_type PART = as-designed routing standard (engineering, per-unit) vs WORK_ORDER = as-built actuals (manufacturing, batch)",,,structural,table,,system,none,,,requirement,,none
requirement:extended_cost:structural:system:none:none,manufacturing_graph_node/requirement:extended_cost:structural:system:none:none,extended_cost,,REAL,,,,0.0,,,false,structural,column,false,system,none,false,,requirement,,none
requirement:material_part_id:structural:system:none:none,manufacturing_graph_node/requirement:material_part_id:structural:system:none:none,material_part_id,,TEXT,,,,,,,true,structural,column,false,system,none,false,,requirement,,none
requirement:operation_rowid:structural:system:none:none,manufacturing_graph_node/requirement:operation_rowid:structural:system:none:none,operation_rowid,,INTEGER,,,,,,,true,structural,column,false,system,none,false,,requirement,,none
requirement:operation_seq:structural:system:none:none,manufacturing_graph_node/requirement:operation_seq:structural:system:none:none,operation_seq,,INTEGER,,,,,,,false,structural,column,true,system,none,false,,requirement,,none
requirement:requirement_id:structural:system:none:none,manufacturing_graph_node/requirement:requirement_id:structural:system:none:none,requirement_id,,TEXT,,,,,,,false,structural,column,false,system,none,true,,requirement,,none
requirement:requirement_level:structural:system:none:none,manufacturing_graph_node/requirement:requirement_level:structural:system:none:none,requirement_level,,TEXT,,,,,,,false,structural,column,true,system,none,false,,requirement,,none
requirement:requirement_type:structural:system:none:none,manufacturing_graph_node/requirement:requirement_type:structural:system:none:none,requirement_type,,TEXT,,,,,,,false,structural,column,true,system,none,false,,requirement,,none
requirement:std_qty:structural:system:none:none,manufacturing_graph_node/requirement:std_qty:structural:system:none:none,std_qty,,REAL,,,,0.0,,,false,structural,column,false,system,none,false,,requirement,,none
requirement:unit_cost:structural:system:none:none,manufacturing_graph_node/requirement:unit_cost:structural:system:none:none,unit_cost,,REAL,,,,0.0,,,false,structural,column,false,system,none,false,,requirement,,none
service:base_charge:structural:system:none:none,manufacturing_graph_node/service:base_charge:structural:system:none:none,base_charge,,REAL,,,,0.0,,,false,structural,column,false,system,none,false,,service,,none
service:created_at:structural:system:none:none,manufacturing_graph_node/service:created_at:structural:system:none:none,created_at,,DATETIME,,,,CURRENT_TIMESTAMP,,,false,structural,column,false,system,none,false,,service,,none
service:default_vendor:structural:system:none:none,manufacturing_graph_node/service:default_vendor:structural:system:none:none,default_vendor,,TEXT,,,,,,,false,structural,column,false,system,none,false,,service,,none
service:description:structural:system:none:none,manufacturing_graph_node/service:description:structural:system:none:none,description,,TEXT,,,,,,,false,structural,column,true,system,none,false,,service,,none
service:entity:structural:system:none:none,manufacturing_graph_node/service:entity:structural:system:none:none,,entity,,,,,,"Outside service definitions (anodize, heat treat, NDT, plating, painting)",,,structural,table,,system,none,,,service,,none
service:service_id:structural:system:none:none,manufacturing_graph_node/service:service_id:structural:system:none:none,service_id,,TEXT,,,,,,,false,structural,column,false,system,none,true,,service,,none
shop_resource:active:structural:system:none:none,manufacturing_graph_node/shop_resource:active:structural:system:none:none,active,,INTEGER,,,,1,,,false,structural,column,false,system,none,false,,shop_resource,,none
shop_resource:bur_per_hr_run:structural:system:none:none,manufacturing_graph_node/shop_resource:bur_per_hr_run:structural:system:none:none,bur_per_hr_run,,REAL,,,,0.0,,,false,structural,column,false,system,none,false,,shop_resource,,none
shop_resource:created_at:structural:system:none:none,manufacturing_graph_node/shop_resource:created_at:structural:system:none:none,created_at,,DATETIME,,,,CURRENT_TIMESTAMP,,,false,structural,column,false,system,none,false,,shop_resource,,none
shop_resource:description:structural:system:none:none,manufacturing_graph_node/shop_resource:description:structural:system:none:none,description,,TEXT,,,,,,,false,structural,column,true,system,none,false,,shop_resource,,none
shop_resource:entity:structural:system:none:none,manufacturing_graph_node/shop_resource:entity:structural:system:none:none,,entity,,,,,,"Shop work centers and outside-service buckets (machine, labor, service types)",,,structural,table,,system,none,,,shop_resource,,none
shop_resource:resource_id:structural:system:none:none,manufacturing_graph_node/shop_resource:resource_id:structural:system:none:none,resource_id,,TEXT,,,,,,,false,structural,column,false,system,none,true,,shop_resource,,none
shop_resource:resource_type:structural:system:none:none,manufacturing_graph_node/shop_resource:resource_type:structural:system:none:none,resource_type,,TEXT,,,,,,,false,structural,column,true,system,none,false,,shop_resource,,none
shop_resource:run_cost_per_hr:structural:system:none:none,manufacturing_graph_node/shop_resource:run_cost_per_hr:structural:system:none:none,run_cost_per_hr,,REAL,,,,0.0,,,false,structural,column,false,system,none,false,,shop_resource,,none
site:created_at:structural:system:none:none,manufacturing_graph_node/site:created_at:structural:system:none:none,created_at,,DATETIME,,,,CURRENT_TIMESTAMP,,,false,structural,column,false,system,none,false,,site,,none
site:entity:structural:system:none:none,manufacturing_graph_node/site:entity:structural:system:none:none,,entity,,,,,,"Site dimension — physical plant / location anchoring inventory, orders, and work orders",,,structural,table,,system,none,,,site,,none
site:region:structural:system:none:none,manufacturing_graph_node/site:region:structural:system:none:none,region,,TEXT,,,,,,,false,structural,column,false,system,none,false,,site,,none
site:site_id:structural:system:none:none,manufacturing_graph_node/site:site_id:structural:system:none:none,site_id,,TEXT,,,,,,,false,structural,column,false,system,none,true,,site,,none
site:site_name:structural:system:none:none,manufacturing_graph_node/site:site_name:structural:system:none:none,site_name,,TEXT,,,,,,,false,structural,column,true,system,none,false,,site,,none
suppliers:active:structural:system:none:none,manufacturing_graph_node/suppliers:active:structural:system:none:none,active,,INTEGER,,,,1,,,false,structural,column,false,system,none,false,,suppliers,,none
suppliers:address:structural:system:none:none,manufacturing_graph_node/suppliers:address:structural:system:none:none,address,,TEXT,,,,,,,false,structural,column,false,system,none,false,,suppliers,,none
suppliers:category:structural:system:none:none,manufacturing_graph_node/suppliers:category:structural:system:none:none,category,,TEXT,,,,,,,false,structural,column,false,system,none,false,,suppliers,,none
suppliers:certification_level:structural:system:none:none,manufacturing_graph_node/suppliers:certification_level:structural:system:none:none,certification_level,,TEXT,,,,,,,false,structural,column,false,system,none,false,,suppliers,,none
suppliers:contact_email:structural:system:none:none,manufacturing_graph_node/suppliers:contact_email:structural:system:none:none,contact_email,,TEXT,,,,,,,false,structural,column,false,system,none,false,,suppliers,,none
suppliers:created_date:structural:system:none:none,manufacturing_graph_node/suppliers:created_date:structural:system:none:none,created_date,,DATETIME,,,,CURRENT_TIMESTAMP,,,false,structural,column,false,system,none,false,,suppliers,,none
suppliers:entity:structural:system:none:none,manufacturing_graph_node/suppliers:entity:structural:system:none:none,,entity,,,,,,Supplier master,,,structural,table,,system,none,,,suppliers,,none
suppliers:lead_time_days:structural:system:none:none,manufacturing_graph_node/suppliers:lead_time_days:structural:system:none:none,lead_time_days,,INTEGER,,,,,,,false,structural,column,false,system,none,false,,suppliers,,none
suppliers:outside_service:structural:system:none:none,manufacturing_graph_node/suppliers:outside_service:structural:system:none:none,outside_service,,INTEGER,,,,0,,,false,structural,column,false,system,none,false,,suppliers,,none
suppliers:payment_terms:structural:system:none:none,manufacturing_graph_node/suppliers:payment_terms:structural:system:none:none,payment_terms,,TEXT,,,,,,,false,structural,column,false,system,none,false,,suppliers,,none
suppliers:performance_rating:structural:system:none:none,manufacturing_graph_node/suppliers:performance_rating:structural:system:none:none,performance_rating,,REAL,,,,,,,false,structural,column,false,system,none,false,,suppliers,,none
suppliers:phone:structural:system:none:none,manufacturing_graph_node/suppliers:phone:structural:system:none:none,phone,,TEXT,,,,,,,false,structural,column,false,system,none,false,,suppliers,,none
suppliers:supplier_id:structural:system:none:none,manufacturing_graph_node/suppliers:supplier_id:structural:system:none:none,supplier_id,,TEXT,,,,,,,false,structural,column,false,system,none,true,,suppliers,,none
suppliers:supplier_name:structural:system:none:none,manufacturing_graph_node/suppliers:supplier_name:structural:system:none:none,supplier_name,,TEXT,,,,,,,false,structural,column,true,system,none,false,,suppliers,,none
trace:created_at:structural:system:none:none,manufacturing_graph_node/trace:created_at:structural:system:none:none,created_at,,DATETIME,,,,CURRENT_TIMESTAMP,,,false,structural,column,false,system,none,false,,trace,,none
trace:entity:structural:system:none:none,manufacturing_graph_node/trace:entity:structural:system:none:none,,entity,,,,,,"Traced lot / serial record of a part — production and expiration dates, quantities",,,structural,table,,system,none,,,trace,,none
trace:expiration_date:structural:system:none:none,manufacturing_graph_node/trace:expiration_date:structural:system:none:none,expiration_date,,DATE,,,,,,,false,structural,column,false,system,none,false,,trace,,none
trace:in_qty:structural:system:none:none,manufacturing_graph_node/trace:in_qty:structural:system:none:none,in_qty,,REAL,,,,0,,,false,structural,column,false,system,none,false,,trace,,none
trace:lot_id:structural:system:none:none,manufacturing_graph_node/trace:lot_id:structural:system:none:none,lot_id,,TEXT,,,,,,,false,structural,column,false,system,none,false,,trace,,none
trace:out_qty:structural:system:none:none,manufacturing_graph_node/trace:out_qty:structural:system:none:none,out_qty,,REAL,,,,0,,,false,structural,column,false,system,none,false,,trace,,none
trace:part_id:structural:system:none:none,manufacturing_graph_node/trace:part_id:structural:system:none:none,part_id,,TEXT,,,,,,,true,structural,column,true,system,none,false,,trace,,none
trace:production_date:structural:system:none:none,manufacturing_graph_node/trace:production_date:structural:system:none:none,production_date,,DATE,,,,,,,false,structural,column,false,system,none,false,,trace,,none
trace:serial_id:structural:system:none:none,manufacturing_graph_node/trace:serial_id:structural:system:none:none,serial_id,,TEXT,,,,,,,false,structural,column,false,system,none,false,,trace,,none
trace:site_id:structural:system:none:none,manufacturing_graph_node/trace:site_id:structural:system:none:none,site_id,,TEXT,,,,,,,true,structural,column,false,system,none,false,,trace,,none
trace:trace_id:structural:system:none:none,manufacturing_graph_node/trace:trace_id:structural:system:none:none,trace_id,,INTEGER,,,,,,,false,structural,column,false,system,none,true,,trace,,none
trace_inventory_trace:created_at:structural:system:none:none,manufacturing_graph_node/trace_inventory_trace:created_at:structural:system:none:none,created_at,,DATETIME,,,,CURRENT_TIMESTAMP,,,false,structural,column,false,system,none,false,,trace_inventory_trace,,none
trace_inventory_trace:entity:structural:system:none:none,manufacturing_graph_node/trace_inventory_trace:entity:structural:system:none:none,,entity,,,,,,Bridge linking a trace lot to an inventory transaction (qty-weighted) for genealogy,,,structural,table,,system,none,,,trace_inventory_trace,,none
trace_inventory_trace:part_id:structural:system:none:none,manufacturing_graph_node/trace_inventory_trace:part_id:structural:system:none:none,part_id,,TEXT,,,,,,,true,structural,column,true,system,none,false,,trace_inventory_trace,,none
trace_inventory_trace:qty:structural:system:none:none,manufacturing_graph_node/trace_inventory_trace:qty:structural:system:none:none,qty,,REAL,,,,,,,false,structural,column,true,system,none,false,,trace_inventory_trace,,none
trace_inventory_trace:trace_id:structural:system:none:none,manufacturing_graph_node/trace_inventory_trace:trace_id:structural:system:none:none,trace_id,,INTEGER,,,,,,,true,structural,column,true,system,none,false,,trace_inventory_trace,,none
trace_inventory_trace:trace_inv_id:structural:system:none:none,manufacturing_graph_node/trace_inventory_trace:trace_inv_id:structural:system:none:none,trace_inv_id,,INTEGER,,,,,,,false,structural,column,false,system,none,true,,trace_inventory_trace,,none
trace_inventory_trace:transaction_id:structural:system:none:none,manufacturing_graph_node/trace_inventory_trace:transaction_id:structural:system:none:none,transaction_id,,INTEGER,,,,,,,true,structural,column,true,system,none,false,,trace_inventory_trace,,none
work_order:act_bur_cost:structural:system:none:none,manufacturing_graph_node/work_order:act_bur_cost:structural:system:none:none,act_bur_cost,,REAL,,,,0.0,,,false,structural,column,false,system,none,false,,work_order,,none
work_order:act_lab_cost:structural:system:none:none,manufacturing_graph_node/work_order:act_lab_cost:structural:system:none:none,act_lab_cost,,REAL,,,,0.0,,,false,structural,column,false,system,none,false,,work_order,,none
work_order:act_mat_cost:structural:system:none:none,manufacturing_graph_node/work_order:act_mat_cost:structural:system:none:none,act_mat_cost,,REAL,,,,0.0,,,false,structural,column,false,system,none,false,,work_order,,none
work_order:act_ser_cost:structural:system:none:none,manufacturing_graph_node/work_order:act_ser_cost:structural:system:none:none,act_ser_cost,,REAL,,,,0.0,,,false,structural,column,false,system,none,false,,work_order,,none
work_order:close_date:structural:system:none:none,manufacturing_graph_node/work_order:close_date:structural:system:none:none,close_date,,DATE,,,,,,,false,structural,column,false,system,none,false,,work_order,,none
work_order:created_at:structural:system:none:none,manufacturing_graph_node/work_order:created_at:structural:system:none:none,created_at,,DATETIME,,,,CURRENT_TIMESTAMP,,,false,structural,column,false,system,none,false,,work_order,,none
work_order:desired_rls_date:structural:system:none:none,manufacturing_graph_node/work_order:desired_rls_date:structural:system:none:none,desired_rls_date,,DATETIME,,,,,,,false,structural,column,false,system,none,false,,work_order,,none
work_order:entity:structural:system:none:none,manufacturing_graph_node/work_order:entity:structural:system:none:none,,entity,,,,,,"Work order master — part, quantity, status, routing template, accumulated actual costs",,,structural,table,,system,none,,,work_order,,none
work_order:open_date:structural:system:none:none,manufacturing_graph_node/work_order:open_date:structural:system:none:none,open_date,,DATE,,,,,,,false,structural,column,false,system,none,false,,work_order,,none
work_order:outside_service:structural:system:none:none,manufacturing_graph_node/work_order:outside_service:structural:system:none:none,outside_service,,INTEGER,,,,0,,,false,structural,column,false,system,none,false,,work_order,,none
work_order:part_description:structural:system:none:none,manufacturing_graph_node/work_order:part_description:structural:system:none:none,part_description,,TEXT,,,,,,,false,structural,column,true,system,none,false,,work_order,,none
work_order:part_id:structural:system:none:none,manufacturing_graph_node/work_order:part_id:structural:system:none:none,part_id,,TEXT,,,,,,,true,structural,column,true,system,none,false,,work_order,,none
work_order:quantity:structural:system:none:none,manufacturing_graph_node/work_order:quantity:structural:system:none:none,quantity,,REAL,,,,,,,false,structural,column,true,system,none,false,,work_order,,none
work_order:required_date:structural:system:none:none,manufacturing_graph_node/work_order:required_date:structural:system:none:none,required_date,,DATE,,,,,,,false,structural,column,false,system,none,false,,work_order,,none
work_order:routing_template:structural:system:none:none,manufacturing_graph_node/work_order:routing_template:structural:system:none:none,routing_template,,TEXT,,,,,,,false,structural,column,false,system,none,false,,work_order,,none
work_order:sched_finish_date:structural:system:none:none,manufacturing_graph_node/work_order:sched_finish_date:structural:system:none:none,sched_finish_date,,DATETIME,,,,,,,false,structural,column,false,system,none,false,,work_order,,none
work_order:sched_start_date:structural:system:none:none,manufacturing_graph_node/work_order:sched_start_date:structural:system:none:none,sched_start_date,,DATETIME,,,,,,,false,structural,column,false,system,none,false,,work_order,,none
work_order:service_date:structural:system:none:none,manufacturing_graph_node/work_order:service_date:structural:system:none:none,service_date,,DATE,,,,,,,false,structural,column,false,system,none,false,,work_order,,none
work_order:site_id:structural:system:none:none,manufacturing_graph_node/work_order:site_id:structural:system:none:none,site_id,,TEXT,,,,'SITE-1',,,false,structural,column,false,system,none,false,,work_order,,none
work_order:status:structural:system:none:none,manufacturing_graph_node/work_order:status:structural:system:none:none,status,,TEXT,,,,,,,false,structural,column,true,system,none,false,,work_order,,none
work_order:vendor_id:structural:system:none:none,manufacturing_graph_node/work_order:vendor_id:structural:system:none:none,vendor_id,,TEXT,,,,,,,false,structural,column,false,system,none,false,,work_order,,none
work_order:wo_id:structural:system:none:none,manufacturing_graph_node/work_order:wo_id:structural:system:none:none,wo_id,,TEXT,,,,,,,false,structural,column,false,system,none,true,,work_order,,none
work_order:workorder_type:structural:system:none:none,manufacturing_graph_node/work_order:workorder_type:structural:system:none:none,workorder_type,,TEXT,,,,,,,false,structural,column,true,system,none,false,,work_order,,none
